ID,種類,地域,市区町村コード,都道府県名,市区町村名,地区名,最寄駅：名称,最寄駅：距離（分）,間取り,面積（㎡）,土地の形状,間口,延床面積（㎡）,建築年,建物の構造,用途,今後の利用目的,前面道路：方位,前面道路：種類,前面道路：幅員（ｍ）,都市計画,建ぺい率（％）,容積率（％）,取引時点,改装,取引の事情等,取引価格（総額）_log
39019183,中古マンション等,,39201,高知県,高知市,南御座,高知,25,２ＬＤＫ,70,,,,平成14年,ＲＣ,住宅,住宅,,,,,,,2015年第1四半期,,,7.146128035678238
39012565,中古マンション等,,39201,高知県,高知市,葛島,高知,30分?60分,３ＬＤＫ,95,,,,平成15年,ＳＲＣ,住宅,,,,,準工業地域,60.0,200.0,2014年第1四半期,改装済,,7.361727836017593
39001222,中古マンション等,,39201,高知県,高知市,鴨部,旭(高知),21,２ＬＤＫ,70,,,,昭和52年,ＳＲＣ,住宅,住宅,,,,第１種住居地域,60.0,200.0,2019年第2四半期,改装済,,7.113943352306837
39023275,中古マンション等,,39201,高知県,高知市,旭町,旭(高知),5,２ＬＤＫ,60,,,,昭和61年,ＳＲＣ,住宅,,,,,近隣商業地域,80.0,300.0,2013年第2四半期,未改装,,6.778151250383644
39000327,中古マンション等,,39201,高知県,高知市,薊野西町,薊野,5,４ＬＤＫ,95,,,,平成17年,ＳＲＣ,,住宅,,,,第２種住居地域,60.0,200.0,2020年第1四半期,,,7.414973347970818
39026623,中古マンション等,,39201,高知県,高知市,比島町,高知,14,３ＬＤＫ,70,,,,平成5年,ＳＲＣ,住宅,,,,,第１種住居地域,60.0,200.0,2009年第2四半期,未改装,調停・競売等,6.778151250383644
39012861,中古マンション等,,39201,高知県,高知市,針木東町,朝倉(ＪＲ),30分?60分,３ＬＤＫ,65,,,,,ＲＣ,住宅,住宅,,,,第１種中高層住居専用地域,60.0,200.0,2014年第4四半期,改装済,,6.763427993562937
39024147,中古マンション等,,39201,高知県,高知市,比島町,高知,15,３ＬＤＫ,65,,,,平成5年,ＳＲＣ,住宅,,,,,第１種住居地域,60.0,200.0,2013年第1四半期,改装済,,7.113943352306837
39018296,中古マンション等,,39201,高知県,高知市,鴨部,旭(高知),15,３ＬＤＫ,70,,,,昭和52年,ＳＲＣ,住宅,住宅,,,,第１種中高層住居専用地域,60.0,200.0,2015年第2四半期,改装済,,6.763427993562937
39013506,中古マンション等,,39201,高知県,高知市,上町,円行寺口,16,１Ｋ,25,,,,平成3年,ＲＣ,住宅,,,,,第１種住居地域,60.0,200.0,2010年第4四半期,未改装,,6.544068044350276
39000701,中古マンション等,,39201,高知県,高知市,一宮東町,土佐一宮,18,３ＬＤＫ,70,,,,平成14年,ＳＲＣ,住宅,住宅,,,,準工業地域,60.0,200.0,2020年第2四半期,未改装,,7.146128035678238
39023648,中古マンション等,,39201,高知県,高知市,鴨部,高知商業前,23,３ＬＤＫ,75,,,,平成14年,ＳＲＣ,住宅,,,,,準工業地域,60.0,200.0,2013年第2四半期,未改装,,7.0
39003444,中古マンション等,,39201,高知県,高知市,比島町,高知,15,３ＬＤＫ,65,,,,平成5年,ＳＲＣ,住宅,,,,,第１種住居地域,60.0,200.0,2016年第4四半期,改装済,,7.113943352306837
39029295,中古マンション等,,39201,高知県,高知市,南ノ丸町,高知,30分?60分,１ＤＫ,40,,,,昭和49年,ＳＲＣ,住宅,,,,,工業地域,60.0,200.0,2008年第2四半期,未改装,,6.431363764158987
39015788,中古マンション等,,39201,高知県,高知市,越前町,円行寺口,6,３ＬＤＫ,65,,,,平成22年,ＲＣ,住宅,,,,,近隣商業地域,80.0,300.0,2011年第2四半期,未改装,,7.342422680822207
39018243,中古マンション等,,39201,高知県,高知市,上町,旭(高知),24,１ＤＫ,20,,,,平成3年,ＲＣ,住宅,住宅,,,,第１種住居地域,60.0,200.0,2015年第4四半期,未改装,,6.544068044350276
39026261,中古マンション等,,39201,高知県,高知市,北本町,高知,7,４ＬＤＫ,95,,,,平成20年,ＲＣ,住宅,,,,,近隣商業地域,80.0,300.0,2009年第1四半期,,,7.57978359661681
39015783,中古マンション等,,39201,高知県,高知市,越前町,円行寺口,6,３ＬＤＫ,65,,,,平成22年,ＲＣ,住宅,,,,,近隣商業地域,80.0,300.0,2011年第4四半期,改装済,,7.414973347970818
39023672,中古マンション等,,39201,高知県,高知市,北本町,高知,10,４ＬＤＫ,85,,,,平成7年,ＲＣ,住宅,,,,,準工業地域,60.0,200.0,2013年第4四半期,未改装,,7.146128035678238
39024267,中古マンション等,,39201,高知県,高知市,六泉寺町,高知,30分?60分,３ＬＤＫ,85,,,,平成10年,ＲＣ,住宅,,,,,第１種住居地域,60.0,200.0,2013年第3四半期,,,7.2552725051033065
39026253,中古マンション等,,39201,高知県,高知市,北本町,高知,15,２ＬＤＫ,70,,,,平成7年,ＲＣ,住宅,,,,,準工業地域,60.0,200.0,2009年第4四半期,改装済,,7.146128035678238
39013516,中古マンション等,,39201,高知県,高知市,上町,,,１ＤＫ,25,,,,平成3年,ＲＣ,住宅,,,,,,,,2010年第3四半期,改装済,,6.57978359661681
39026257,中古マンション等,,39201,高知県,高知市,北本町,高知,,４ＬＤＫ,90,,,,平成7年,ＲＣ,住宅,,,,,,,,2009年第2四半期,未改装,,7.204119982655925
39000169,中古マンション等,,39201,高知県,高知市,朝倉西町,朝倉(ＪＲ),25,４ＬＤＫ,70,,,,平成3年,ＲＣ,,住宅,,,,第１種住居地域,60.0,200.0,2020年第2四半期,,,7.079181246047625
39001128,中古マンション等,,39201,高知県,高知市,葛島,高知,30分?60分,４ＬＤＫ,95,,,,平成15年,ＳＲＣ,住宅,住宅,,,,準工業地域,60.0,200.0,2016年第3四半期,未改装,,7.2552725051033065
39003697,中古マンション等,,39201,高知県,高知市,升形,入明,20,,65,,,,平成3年,ＲＣ,住宅,住宅,,,,第１種住居地域,60.0,200.0,2017年第2四半期,未改装,,7.0
39001249,中古マンション等,,39201,高知県,高知市,鴨部,旭(高知),21,３ＬＤＫ,60,,,,平成6年,ＲＣ,住宅,住宅,,,,準工業地域,60.0,200.0,2016年第2四半期,改装済,,7.079181246047625
39012554,中古マンション等,,39201,高知県,高知市,小津町,入明,9,オープンフロア,25,,,,昭和61年,ＲＣ,事務所,,,,,第１種住居地域,60.0,200.0,2014年第1四半期,未改装,,6.113943352306837
39023239,中古マンション等,,39201,高知県,高知市,朝倉,朝倉(ＪＲ),30分?60分,,60,,,,昭和62年,ＲＣ,住宅,,,,,近隣商業地域,80.0,200.0,2013年第1四半期,改装済,,6.939519252618618
39000330,中古マンション等,,39201,高知県,高知市,薊野西町,薊野,5,２ＬＤＫ,75,,,,平成17年,ＲＣ,住宅,住宅,,,,第２種住居地域,60.0,200.0,2019年第3四半期,改装済,,7.301029995663981
39013559,中古マンション等,,39201,高知県,高知市,北川添,薊野,12,４ＬＤＫ,85,,,,平成15年,ＲＣ,住宅,,,,,準工業地域,60.0,200.0,2010年第2四半期,未改装,,7.278753600952829
39013242,中古マンション等,,39201,高知県,高知市,愛宕山,,,２ＬＤＫ,70,,,,,ＲＣ,住宅,,,,,,,,2010年第2四半期,,,7.2552725051033065
39029238,中古マンション等,,39201,高知県,高知市,二葉町,高知,30分?60分,３ＬＤＫ,70,,,,昭和49年,ＳＲＣ,住宅,,,,,準工業地域,60.0,200.0,2008年第2四半期,未改装,,6.544068044350276
39023906,中古マンション等,,39201,高知県,高知市,桟橋通,高知,30分?60分,４ＬＤＫ,80,,,,平成13年,ＳＲＣ,住宅,,,,,商業地域,80.0,400.0,2013年第4四半期,改装済,,7.041392685158225
39013784,中古マンション等,,39201,高知県,高知市,桟橋通,高知,25,３ＬＤＫ,90,,,,,ＲＣ,住宅,,,,,商業地域,80.0,400.0,2010年第2四半期,未改装,,7.414973347970818
39003975,中古マンション等,,39201,高知県,高知市,六泉寺町,高知,30分?60分,５ＬＤＫ,155,,,,平成10年,ＲＣ,,住宅,,,,第１種住居地域,60.0,200.0,2019年第3四半期,未改装,,7.3222192947339195
39002112,中古マンション等,,39201,高知県,高知市,鷹匠町,高知,26,３ＬＤＫ,95,,,,平成16年,ＲＣ,,住宅,,,,商業地域,80.0,400.0,2020年第1四半期,未改装,,7.477121254719663
39023652,中古マンション等,,39201,高知県,高知市,北川添,高知,24,３ＬＤＫ,60,,,,平成15年,ＲＣ,住宅,,,,,準工業地域,60.0,200.0,2013年第2四半期,未改装,調停・競売等,7.041392685158225
39026254,中古マンション等,,39201,高知県,高知市,北本町,高知,7,３ＬＤＫ,80,,,,平成20年,ＲＣ,住宅,,,,,近隣商業地域,80.0,300.0,2009年第3四半期,未改装,,7.301029995663981
39015782,中古マンション等,,39201,高知県,高知市,越前町,円行寺口,6,２ＬＤＫ,70,,,,平成22年,ＲＣ,住宅,,,,,近隣商業地域,80.0,300.0,2011年第4四半期,改装済,,7.3979400086720375
39020371,中古マンション等,,39201,高知県,高知市,帯屋町,高知,18,２ＬＤＫ,85,,,,平成21年,ＲＣ,住宅,,,,,商業地域,80.0,500.0,2012年第3四半期,改装済,,7.491361693834273
39003965,中古マンション等,,39201,高知県,高知市,吉田町,高知,18,３ＬＤＫ,85,,,,平成14年,ＲＣ,住宅,住宅,,,,第１種中高層住居専用地域,60.0,200.0,2017年第1四半期,未改装,,7.380211241711606
39029294,中古マンション等,,39201,高知県,高知市,南ノ丸町,高知,30分?60分,３ＤＫ,50,,,,昭和49年,ＳＲＣ,住宅,,,,,工業地域,60.0,200.0,2008年第4四半期,未改装,,6.653212513775344
39015792,中古マンション等,,39201,高知県,高知市,越前町,円行寺口,6,４ＬＤＫ,75,,,,平成22年,ＲＣ,住宅,,,,,近隣商業地域,80.0,300.0,2011年第1四半期,未改装,,7.491361693834273
39000335,中古マンション等,,39201,高知県,高知市,薊野西町,薊野,5,,95,,,,,,,住宅,,,,第２種住居地域,,,2018年第4四半期,,,7.301029995663981
39028684,中古マンション等,,39201,高知県,高知市,神田,旭(高知),30分?60分,２ＤＫ,30,,,,昭和54年,鉄骨造,住宅,,,,,第１種中高層住居専用地域,60.0,200.0,2008年第3四半期,改装済,,7.361727836017593
39001238,中古マンション等,,39201,高知県,高知市,鴨部,旭(高知),14,３ＬＤＫ,70,,,,昭和52年,ＳＲＣ,住宅,住宅,,,,第１種住居地域,60.0,200.0,2017年第2四半期,改装済,,6.903089986991944
39012687,中古マンション等,,39201,高知県,高知市,桜馬場,入明,11,３Ｋ,40,,,,平成4年,ＳＲＣ,住宅,,,,,近隣商業地域,80.0,300.0,2014年第1四半期,未改装,,6.892094602690481
39013760,中古マンション等,,39201,高知県,高知市,桜井町,高知,11,３ＬＤＫ,75,,,,平成2年,ＳＲＣ,住宅,,,,,商業地域,80.0,400.0,2010年第2四半期,改装済,,7.079181246047625
39002900,中古マンション等,,39201,高知県,高知市,針木東町,朝倉(ＪＲ),30分?60分,３ＬＤＫ,65,,,,昭和59年,ＲＣ,住宅,住宅,,,,第１種中高層住居専用地域,60.0,200.0,2016年第2四半期,未改装,,6.698970004336019
39026265,中古マンション等,,39201,高知県,高知市,北本町,,,３ＬＤＫ,95,,,,,ＲＣ,住宅,,,,,,,,2009年第2四半期,未改装,,7.431363764158987
39026626,中古マンション等,,39201,高知県,高知市,比島町,土佐一宮,13,４ＬＤＫ,75,,,,平成5年,ＳＲＣ,住宅,,,,,第１種住居地域,60.0,200.0,2009年第4四半期,改装済,,7.0
39000282,中古マンション等,,39201,高知県,高知市,旭町,旭(高知),6,,75,,,,昭和61年,ＳＲＣ,住宅,住宅,,,,近隣商業地域,80.0,200.0,2017年第4四半期,未改装,,7.0
39001815,中古マンション等,,39201,高知県,高知市,桟橋通,高知,29,３ＬＤＫ,75,,,,平成14年,ＳＲＣ,住宅,住宅,,,,商業地域,80.0,400.0,2020年第3四半期,未改装,,7.278753600952829
39003805,中古マンション等,,39201,高知県,高知市,南はりまや町,高知,13,１Ｋ,20,,,,平成3年,ＳＲＣ,,住宅,,,,商業地域,80.0,400.0,2020年第3四半期,,,6.531478917042255
39024088,中古マンション等,,39201,高知県,高知市,針木東町,朝倉(ＪＲ),30分?60分,３ＬＤＫ,80,,,,平成15年,ＳＲＣ,住宅,,,,,準工業地域,60.0,200.0,2013年第2四半期,改装済,,7.146128035678238
39002670,中古マンション等,,39201,高知県,高知市,縄手町,旭(高知),8,２ＬＤＫ,65,,,,,ＲＣ,住宅,,,,,第１種中高層住居専用地域,60.0,200.0,2018年第2四半期,未改装,,7.230448921378274
39001373,中古マンション等,,39201,高知県,高知市,九反田,高知,24,１ＤＫ,55,,,,平成19年,ＲＣ,住宅,住宅,,,,第１種住居地域,60.0,200.0,2020年第2四半期,未改装,,7.230448921378274
39028351,中古マンション等,,39201,高知県,高知市,薊野西町,薊野,5,３ＬＤＫ,75,,,,平成17年,ＲＣ,住宅,,,,,第２種住居地域,60.0,200.0,2008年第2四半期,未改装,調停・競売等,7.113943352306837
39003785,中古マンション等,,39201,高知県,高知市,南御座,高知,24,３ＬＤＫ＋Ｓ,75,,,,平成16年,ＲＣ,住宅,住宅,,,,準工業地域,60.0,200.0,2016年第4四半期,改装済,,7.278753600952829
39013786,中古マンション等,,39201,高知県,高知市,桟橋通,高知,24,３ＬＤＫ,85,,,,平成20年,ＲＣ,住宅,,,,,商業地域,80.0,400.0,2010年第1四半期,未改装,,7.361727836017593
39001237,中古マンション等,,39201,高知県,高知市,鴨部,旭(高知),19,４ＬＤＫ,70,,,,平成6年,ＲＣ,住宅,住宅,,,,第１種中高層住居専用地域,60.0,200.0,2017年第2四半期,未改装,,7.0
39026255,中古マンション等,,39201,高知県,高知市,北本町,高知,7,３ＬＤＫ,80,,,,平成20年,ＲＣ,住宅,,,,,近隣商業地域,80.0,300.0,2009年第2四半期,未改装,,7.230448921378274
39026080,中古マンション等,,39201,高知県,高知市,薊野西町,薊野,5,４ＬＤＫ,95,,,,平成17年,ＲＣ,住宅,,,,,第２種住居地域,60.0,200.0,2009年第3四半期,未改装,,7.2552725051033065
39029177,中古マンション等,,39201,高知県,高知市,比島町,高知,12,３ＬＤＫ,65,,,,平成5年,ＳＲＣ,住宅,,,,,第１種住居地域,60.0,200.0,2008年第4四半期,改装済,,6.991226075692495
39012843,中古マンション等,,39201,高知県,高知市,廿代町,堀詰,9,２ＤＫ,45,,,,昭和63年,ＳＲＣ,住宅,住宅,,,,商業地域,80.0,400.0,2014年第4四半期,,,6.929418925714293
39019014,中古マンション等,,39201,高知県,高知市,比島町,高知,15,３ＬＤＫ,65,,,,平成5年,ＳＲＣ,住宅,住宅,,,,第１種住居地域,60.0,200.0,2015年第1四半期,未改装,,6.977723605288848
39003744,中古マンション等,,39201,高知県,高知市,みづき,円行寺口,28,４ＬＤＫ,95,,,,平成16年,ＳＲＣ,住宅,住宅,,,,第１種住居地域,60.0,200.0,2016年第1四半期,改装済,,7.2552725051033065
39028570,中古マンション等,,39201,高知県,高知市,鴨部,旭(高知),21,２ＬＤＫ,70,,,,平成14年,ＳＲＣ,住宅,,,,,第１種中高層住居専用地域,60.0,200.0,2008年第4四半期,未改装,,7.041392685158225
39012458,中古マンション等,,39201,高知県,高知市,旭町,旭(高知),6,２ＬＤＫ,65,,,,昭和61年,ＳＲＣ,住宅,住宅,,,,近隣商業地域,80.0,200.0,2014年第3四半期,改装済,,7.079181246047625
39012576,中古マンション等,,39201,高知県,高知市,上町,円行寺口,17,１ＤＫ,20,,,,,ＲＣ,住宅,住宅,,,,,,,2014年第3四半期,未改装,,6.5910646070264995
39002776,中古マンション等,,39201,高知県,高知市,廿代町,堀詰,9,１Ｒ,20,,,,昭和63年,ＳＲＣ,,住宅,,,,商業地域,80.0,400.0,2018年第2四半期,,,6.690196080028514
39028606,中古マンション等,,39201,高知県,高知市,北本町,高知,19,４ＬＤＫ,85,,,,平成7年,ＲＣ,住宅,,,,,準工業地域,60.0,200.0,2008年第2四半期,未改装,,7.176091259055681
39026118,中古マンション等,,39201,高知県,高知市,一宮東町,土佐一宮,16,３ＬＤＫ,70,,,,昭和61年,ＲＣ,住宅,,,,,準工業地域,60.0,200.0,2009年第3四半期,未改装,,6.903089986991944
39003446,中古マンション等,,39201,高知県,高知市,比島町,高知,15,３ＬＤＫ,65,,,,平成5年,ＳＲＣ,住宅,住宅,,,,第１種住居地域,60.0,200.0,2016年第2四半期,未改装,,7.041392685158225
39001209,中古マンション等,,39201,高知県,高知市,鴨部,旭(高知),15,３ＬＤＫ,70,,,,昭和52年,ＳＲＣ,,住宅,,,,第１種中高層住居専用地域,60.0,200.0,2020年第3四半期,未改装,,6.845098040014257
39001219,中古マンション等,,39201,高知県,高知市,鴨部,旭(高知),19,２ＬＤＫ,60,,,,平成6年,ＲＣ,住宅,住宅,,,,第１種中高層住居専用地域,60.0,200.0,2019年第4四半期,未改装,,6.903089986991944
39001358,中古マンション等,,39201,高知県,高知市,北本町,高知,5,２ＬＤＫ,65,,,,,ＳＲＣ,住宅,住宅,,,,,,,2017年第2四半期,未改装,,6.886490725172482
39001186,中古マンション等,,39201,高知県,高知市,上町,上町二丁目,4,１ＬＤＫ,25,,,,平成3年,ＲＣ,住宅,住宅,,,,第１種住居地域,60.0,200.0,2017年第1四半期,改装済,,6.491361693834273
39003780,中古マンション等,,39201,高知県,高知市,南御座,高知,25,３ＬＤＫ,65,,,,平成16年,,,その他,,,,準工業地域,60.0,200.0,2019年第4四半期,未改装,,7.301029995663981
39000277,中古マンション等,,39201,高知県,高知市,旭町,旭(高知),6,３ＬＤＫ,75,,,,昭和61年,ＳＲＣ,,住宅,,,,近隣商業地域,80.0,200.0,2019年第2四半期,改装済,,7.2552725051033065
39015917,中古マンション等,,39201,高知県,高知市,鴨部,朝倉(ＪＲ),19,４ＬＤＫ,70,,,,平成4年,ＲＣ,住宅,,,,,第２種中高層住居専用地域,60.0,200.0,2011年第4四半期,改装済,,7.041392685158225
39026625,中古マンション等,,39201,高知県,高知市,比島町,高知,13,３ＬＤＫ,65,,,,平成5年,ＳＲＣ,住宅,,,,,第１種住居地域,60.0,200.0,2009年第1四半期,,,7.0
39002623,中古マンション等,,39201,高知県,高知市,中宝永町,高知,23,２ＬＤＫ,45,,,,平成2年,ＳＲＣ,住宅,,,,,商業地域,80.0,400.0,2017年第4四半期,,,6.778151250383644
39018277,中古マンション等,,39201,高知県,高知市,鴨部,朝倉(ＪＲ),30分?60分,３ＬＤＫ,80,,,,平成14年,ＳＲＣ,住宅,住宅,,,,準工業地域,60.0,200.0,2015年第1四半期,未改装,,7.113943352306837
39023618,中古マンション等,,39201,高知県,高知市,上町,円行寺口,16,１Ｋ,25,,,,平成3年,ＲＣ,住宅,,,,,第１種住居地域,60.0,200.0,2013年第3四半期,未改装,,5.505149978319906
39015962,中古マンション等,,39201,高知県,高知市,鴨部,高知商業前,23,２ＬＤＫ,60,,,,平成14年,ＳＲＣ,住宅,,,,,準工業地域,60.0,200.0,2011年第3四半期,改装済,,6.982271233039568
39000280,中古マンション等,,39201,高知県,高知市,旭町,旭(高知),6,２ＬＤＫ,70,,,,昭和61年,ＳＲＣ,,住宅,,,,近隣商業地域,80.0,200.0,2018年第3四半期,,,7.113943352306837
39029347,中古マンション等,,39201,高知県,高知市,六泉寺町,高知,30分?60分,３ＬＤＫ,85,,,,平成10年,ＲＣ,住宅,,,,,第１種住居地域,60.0,200.0,2008年第1四半期,未改装,,7.204119982655925
39013450,中古マンション等,,39201,高知県,高知市,追手筋,入明,12,３ＬＤＫ,65,,,,昭和55年,ＳＲＣ,住宅,,,,,商業地域,80.0,500.0,2010年第2四半期,未改装,,6.8512583487190755
39029048,中古マンション等,,39201,高知県,高知市,針木東町,朝倉(ＪＲ),30分?60分,３ＬＤＫ,80,,,,平成15年,ＳＲＣ,住宅,,,,,準工業地域,60.0,200.0,2007年第2四半期,未改装,,7.278753600952829
39000287,中古マンション等,,39201,高知県,高知市,旭町,旭(高知),6,２ＬＤＫ,75,,,,昭和61年,ＳＲＣ,住宅,住宅,,,,近隣商業地域,80.0,200.0,2016年第2四半期,改装済,,7.204119982655925
39013911,中古マンション等,,39201,高知県,高知市,鷹匠町,入明,20,３ＬＤＫ,70,,,,昭和63年,ＳＲＣ,住宅,,,,,商業地域,80.0,400.0,2010年第4四半期,未改装,,7.079181246047625
39000704,中古マンション等,,39201,高知県,高知市,一宮東町,土佐一宮,16,３ＬＤＫ,70,,,,平成14年,ＳＲＣ,住宅,住宅,,,,準工業地域,60.0,200.0,2019年第2四半期,未改装,,7.146128035678238
39001264,中古マンション等,,39201,高知県,高知市,鴨部,高知商業前,18,,70,,,,,ＳＲＣ,住宅,住宅,,,,,,,2016年第3四半期,,,6.991226075692495
39023556,中古マンション等,,39201,高知県,高知市,追手筋,高知,18,３ＬＤＫ,115,,,,昭和55年,ＳＲＣ,住宅,,,,,商業地域,80.0,500.0,2013年第1四半期,未改装,,7.146128035678238
39000696,中古マンション等,,39201,高知県,高知市,一宮東町,土佐一宮,16,３ＬＤＫ,70,,,,平成14年,ＳＲＣ,,住宅,,,,準工業地域,60.0,200.0,2020年第4四半期,未改装,,7.176091259055681
39003700,中古マンション等,,39201,高知県,高知市,升形,入明,20,３ＬＤＫ,75,,,,平成3年,ＲＣ,住宅,住宅,,,,第１種住居地域,60.0,200.0,2016年第3四半期,,,7.146128035678238
39019093,中古マンション等,,39201,高知県,高知市,二葉町,知寄町一丁目,2,２ＬＤＫ,60,,,,平成8年,ＳＲＣ,住宅,,,,,準工業地域,60.0,200.0,2015年第4四半期,未改装,,6.778151250383644
39000332,中古マンション等,,39201,高知県,高知市,薊野西町,薊野,4,２ＬＤＫ,65,,,,平成17年,ＳＲＣ,住宅,住宅,,,,第２種住居地域,60.0,200.0,2019年第1四半期,未改装,,7.176091259055681
39026266,中古マンション等,,39201,高知県,高知市,北本町,,,４ＬＤＫ,100,,,,,ＲＣ,住宅,,,,,,,,2009年第1四半期,未改装,,7.380211241711606
39026264,中古マンション等,,39201,高知県,高知市,北本町,,,３ＬＤＫ,80,,,,,ＲＣ,住宅,,,,,,,,2009年第2四半期,未改装,,7.278753600952829
39015786,中古マンション等,,39201,高知県,高知市,越前町,円行寺口,6,３ＬＤＫ,75,,,,平成22年,ＲＣ,住宅,,,,,近隣商業地域,80.0,300.0,2011年第3四半期,未改装,,7.491361693834273
39020097,中古マンション等,,39201,高知県,高知市,旭町,旭(高知),5,４ＬＤＫ,80,,,,昭和62年,ＳＲＣ,住宅,,,,,近隣商業地域,80.0,300.0,2012年第4四半期,未改装,,7.079181246047625
39003751,中古マンション等,,39201,高知県,高知市,南川添,高知,26,３ＬＤＫ,65,,,,平成31年,ＲＣ,,住宅,,,,準工業地域,60.0,200.0,2020年第2四半期,,,7.477121254719663
39001361,中古マンション等,,39201,高知県,高知市,北本町,高知,6,,85,,,,平成20年,ＲＣ,住宅,住宅,,,,近隣商業地域,80.0,300.0,2016年第4四半期,未改装,,7.361727836017593
39001246,中古マンション等,,39201,高知県,高知市,鴨部,旭(高知),14,３ＬＤＫ,70,,,,昭和52年,ＳＲＣ,住宅,その他,,,,第１種住居地域,60.0,200.0,2016年第3四半期,未改装,,6.544068044350276
39001223,中古マンション等,,39201,高知県,高知市,鴨部,旭(高知),19,４ＬＤＫ,70,,,,平成6年,ＲＣ,住宅,住宅,,,,第１種中高層住居専用地域,60.0,200.0,2019年第1四半期,未改装,,7.0
39001734,中古マンション等,,39201,高知県,高知市,堺町,高知,13,１Ｋ,30,,,,昭和63年,,,住宅,,,,商業地域,80.0,500.0,2020年第3四半期,,,6.518513939877887
39026620,中古マンション等,,39201,高知県,高知市,比島町,高知,13,４ＬＤＫ,110,,,,平成5年,ＳＲＣ,住宅,,,,,第１種住居地域,60.0,200.0,2009年第3四半期,未改装,,7.301029995663981
39028574,中古マンション等,,39201,高知県,高知市,鴨部,旭(高知),21,２ＬＤＫ,70,,,,平成14年,ＳＲＣ,住宅,,,,,,,,2007年第2四半期,改装済,,7.079181246047625
39028603,中古マンション等,,39201,高知県,高知市,北本町,高知,7,４ＬＤＫ,100,,,,平成20年,ＲＣ,住宅,,,,,近隣商業地域,80.0,300.0,2008年第4四半期,,,7.414973347970818
39001346,中古マンション等,,39201,高知県,高知市,北本町,高知,6,３ＬＤＫ,65,,,,昭和58年,ＳＲＣ,住宅,住宅,,,,商業地域,,,2019年第1四半期,改装済,,7.230448921378274
39029015,中古マンション等,,39201,高知県,高知市,廿代町,高知,11,１Ｋ,20,,,,昭和63年,ＳＲＣ,住宅,,,,,商業地域,80.0,400.0,2007年第4四半期,改装済,,6.6020599913279625
39020307,中古マンション等,,39201,高知県,高知市,越前町,円行寺口,6,３ＬＤＫ,65,,,,,ＲＣ,住宅,,,,,,,,2012年第2四半期,未改装,,7.3979400086720375
39020156,中古マンション等,,39201,高知県,高知市,愛宕山,高知,16,４ＬＤＫ,85,,,,平成20年,ＲＣ,住宅,,,,,第１種中高層住居専用地域,60.0,200.0,2012年第3四半期,未改装,,7.431363764158987
39029043,中古マンション等,,39201,高知県,高知市,針木東町,朝倉(ＪＲ),30分?60分,３ＬＤＫ,80,,,,平成15年,ＳＲＣ,住宅,,,,,準工業地域,60.0,200.0,2007年第3四半期,改装済,,7.2552725051033065
39021185,中古マンション等,,39201,高知県,高知市,比島町,高知,14,３ＬＤＫ,65,,,,平成5年,ＳＲＣ,住宅,,,,,第１種住居地域,60.0,200.0,2012年第4四半期,未改装,,6.903089986991944
39029299,中古マンション等,,39201,高知県,高知市,南はりまや町,高知,14,１Ｋ,20,,,,平成3年,ＳＲＣ,住宅,,,,,商業地域,80.0,400.0,2008年第3四半期,未改装,,6.301029995663981
39012548,中古マンション等,,39201,高知県,高知市,追手筋,高知,18,,310,,,,昭和55年,ＳＲＣ,その他,,,,,商業地域,80.0,500.0,2014年第4四半期,,,7.176091259055681
39001224,中古マンション等,,39201,高知県,高知市,鴨部,旭(高知),21,３ＬＤＫ,70,,,,昭和52年,ＳＲＣ,住宅,住宅,,,,第１種住居地域,60.0,200.0,2019年第1四半期,改装済,,7.146128035678238
39000288,中古マンション等,,39201,高知県,高知市,旭町,旭(高知),6,３ＬＤＫ,70,,,,昭和61年,ＳＲＣ,住宅,住宅,,,,近隣商業地域,80.0,200.0,2016年第2四半期,改装済,,7.079181246047625
39016158,中古マンション等,,39201,高知県,高知市,神田,旭(高知),30分?60分,２ＤＫ,35,,,,昭和59年,鉄骨造,住宅,,,,,第１種中高層住居専用地域,60.0,200.0,2011年第4四半期,未改装,,5.6020599913279625
39012587,中古マンション等,,39201,高知県,高知市,鴨部,旭(高知),15,３ＬＤＫ,70,,,,,ＳＲＣ,住宅,,,,,,,,2014年第1四半期,未改装,,6.845098040014257
39003674,中古マンション等,,39201,高知県,高知市,本町,高知,15,２ＬＤＫ,55,,,,平成25年,ＲＣ,住宅,住宅,,,,商業地域,80.0,600.0,2017年第1四半期,未改装,,7.361727836017593
39016354,中古マンション等,,39201,高知県,高知市,鷹匠町,入明,20,３ＬＤＫ,110,,,,平成18年,ＲＣ,住宅,,,,,第１種住居地域,60.0,200.0,2011年第4四半期,改装済,,7.278753600952829
39016626,中古マンション等,,39201,高知県,高知市,針木東町,朝倉(ＪＲ),30分?60分,３ＬＤＫ,80,,,,平成15年,ＳＲＣ,住宅,,,,,準工業地域,60.0,200.0,2011年第3四半期,未改装,,7.113943352306837
39020245,中古マンション等,,39201,高知県,高知市,一宮東町,土佐一宮,16,３ＬＤＫ,75,,,,昭和61年,ＲＣ,住宅,,,,,準工業地域,60.0,200.0,2012年第1四半期,未改装,,6.799340549453582
39020127,中古マンション等,,39201,高知県,高知市,薊野西町,薊野,5,４ＬＤＫ,95,,,,,ＲＣ,住宅,,,,,第２種住居地域,60.0,200.0,2012年第3四半期,未改装,,7.146128035678238
39001245,中古マンション等,,39201,高知県,高知市,鴨部,旭(高知),14,３ＬＤＫ,70,,,,昭和52年,ＳＲＣ,住宅,住宅,,,,第１種住居地域,60.0,200.0,2016年第3四半期,改装済,,6.903089986991944
39020670,中古マンション等,,39201,高知県,高知市,桜井町,高知,13,３ＬＤＫ,65,,,,平成2年,ＳＲＣ,住宅,,,,,近隣商業地域,80.0,300.0,2012年第4四半期,未改装,,6.986771734266245
39026619,中古マンション等,,39201,高知県,高知市,比島町,高知,9,２ＬＤＫ,55,,,,平成4年,ＳＲＣ,住宅,,,,,近隣商業地域,80.0,200.0,2009年第3四半期,未改装,,6.968482948553935
39028327,中古マンション等,,39201,高知県,高知市,旭町,旭(高知),7,４ＬＤＫ,80,,,,昭和61年,ＳＲＣ,住宅,,,,,近隣商業地域,80.0,300.0,2008年第3四半期,未改装,,7.113943352306837
39028480,中古マンション等,,39201,高知県,高知市,大谷公園町,朝倉(ＪＲ),25,４ＬＤＫ,70,,,,平成8年,ＲＣ,住宅,,,,,第１種中高層住居専用地域,60.0,200.0,2008年第1四半期,未改装,,6.968482948553935
39001791,中古マンション等,,39201,高知県,高知市,桜馬場,円行寺口,9,１Ｋ,20,,,,平成4年,ＳＲＣ,住宅,住宅,,,,近隣商業地域,80.0,300.0,2020年第3四半期,改装済,,6.531478917042255
39016968,中古マンション等,,39201,高知県,高知市,六泉寺町,高知,30分?60分,３ＬＤＫ,85,,,,平成10年,ＲＣ,住宅,,,,,第１種住居地域,60.0,200.0,2011年第1四半期,未改装,,7.041392685158225
39024038,中古マンション等,,39201,高知県,高知市,中宝永町,高知,21,３ＬＤＫ,60,,,,平成2年,ＳＲＣ,住宅,,,,,商業地域,80.0,400.0,2013年第1四半期,改装済,,6.954242509439325
39018335,中古マンション等,,39201,高知県,高知市,北本町,高知,6,３ＬＤＫ,105,,,,平成21年,ＲＣ,住宅,住宅,,,,近隣商業地域,80.0,300.0,2015年第1四半期,未改装,,7.477121254719663
39023497,中古マンション等,,39201,高知県,高知市,大谷公園町,朝倉(ＪＲ),25,４ＬＤＫ,90,,,,平成8年,ＲＣ,住宅,,,,,第１種中高層住居専用地域,60.0,200.0,2013年第2四半期,未改装,,6.954242509439325
39001830,中古マンション等,,39201,高知県,高知市,桟橋通,高知,22,４ＬＤＫ,80,,,,昭和59年,ＳＲＣ,住宅,住宅,,,,商業地域,80.0,400.0,2016年第1四半期,未改装,,6.892094602690481
39018256,中古マンション等,,39201,高知県,高知市,上町,円行寺口,16,２ＤＫ,45,,,,平成3年,ＲＣ,住宅,住宅,,,,第１種住居地域,60.0,200.0,2015年第3四半期,改装済,,7.113943352306837
39016524,中古マンション等,,39201,高知県,高知市,縄手町,旭(高知),9,３ＬＤＫ,80,,,,平成19年,ＲＣ,住宅,,,,,第１種中高層住居専用地域,60.0,200.0,2011年第1四半期,未改装,調停・競売等,7.176091259055681
39023675,中古マンション等,,39201,高知県,高知市,北本町,高知,6,４ＬＤＫ,75,,,,昭和59年,ＳＲＣ,住宅,,,,,商業地域,80.0,400.0,2013年第2四半期,未改装,,6.763427993562937
39029016,中古マンション等,,39201,高知県,高知市,廿代町,高知,11,１Ｋ,20,,,,平成2年,ＳＲＣ,住宅,,,,,商業地域,80.0,400.0,2007年第4四半期,未改装,,6.477121254719663
39015781,中古マンション等,,39201,高知県,高知市,永国寺町,高知,12,,60,,,,平成16年,ＲＣ,住宅,,,,,第１種住居地域,60.0,200.0,2011年第3四半期,未改装,,7.146128035678238
39001250,中古マンション等,,39201,高知県,高知市,鴨部,旭(高知),14,３ＬＤＫ,70,,,,昭和52年,ＳＲＣ,住宅,住宅,,,,第１種住居地域,60.0,200.0,2016年第2四半期,改装済,,6.812913356642856
39018344,中古マンション等,,39201,高知県,高知市,九反田,高知,22,２ＬＤＫ,55,,,,平成19年,ＲＣ,住宅,住宅,,,,,,,2015年第1四半期,,,7.2552725051033065
39028557,中古マンション等,,39201,高知県,高知市,上町,円行寺口,17,１Ｋ,20,,,,平成3年,ＲＣ,住宅,,,,,第１種住居地域,60.0,200.0,2008年第4四半期,改装済,,6.6127838567197355
39003743,中古マンション等,,39201,高知県,高知市,みづき,円行寺口,28,２ＬＤＫ,65,,,,平成16年,ＳＲＣ,住宅,住宅,,,,,,,2016年第1四半期,,,7.0
39002669,中古マンション等,,39201,高知県,高知市,縄手町,旭(高知),8,３ＬＤＫ,75,,,,,,,住宅,,,,,,,2019年第2四半期,,,6.919078092376074
39026229,中古マンション等,,39201,高知県,高知市,上町,円行寺口,15,１ＤＫ,20,,,,平成3年,ＲＣ,住宅,,,,,第１種住居地域,60.0,200.0,2009年第4四半期,未改装,,6.3979400086720375
39016798,中古マンション等,,39201,高知県,高知市,比島町,高知,13,３ＬＤＫ,70,,,,平成5年,ＳＲＣ,住宅,,,,,第１種住居地域,60.0,200.0,2011年第4四半期,未改装,,7.079181246047625
39026258,中古マンション等,,39201,高知県,高知市,北本町,高知,7,３ＬＤＫ,80,,,,平成20年,ＲＣ,住宅,,,,,近隣商業地域,80.0,300.0,2009年第2四半期,,,7.3222192947339195
39000436,中古マンション等,,39201,高知県,高知市,愛宕山,高知,16,３ＬＤＫ,80,,,,平成20年,ＲＣ,住宅,住宅,,,,第１種中高層住居専用地域,60.0,200.0,2020年第2四半期,未改装,,7.477121254719663
39003786,中古マンション等,,39201,高知県,高知市,南御座,高知,25,,70,,,,,ＲＣ,住宅,住宅,,,,,,,2016年第3四半期,,,7.176091259055681
39014470,中古マンション等,,39201,高知県,高知市,南御座,高知,24,２ＬＤＫ,55,,,,平成16年,ＲＣ,住宅,,,,,準工業地域,60.0,200.0,2010年第2四半期,未改装,,7.113943352306837
39018188,中古マンション等,,39201,高知県,高知市,追手筋,高知,18,３ＬＤＫ,65,,,,昭和55年,ＳＲＣ,住宅,住宅,,,,商業地域,80.0,500.0,2015年第2四半期,,,6.799340549453582
39000994,中古マンション等,,39201,高知県,高知市,追手筋,高知,18,３ＬＤＫ,65,,,,昭和55年,ＳＲＣ,,住宅,,,,商業地域,80.0,500.0,2020年第2四半期,,,6.6127838567197355
39003420,中古マンション等,,39201,高知県,高知市,比島町,高知,15,３ＬＤＫ,70,,,,平成5年,ＳＲＣ,住宅,住宅,,,,第１種住居地域,60.0,200.0,2020年第1四半期,改装済,,7.230448921378274
39012688,中古マンション等,,39201,高知県,高知市,桜馬場,円行寺口,9,３Ｋ,40,,,,平成4年,ＳＲＣ,住宅,住宅,,,,近隣商業地域,80.0,300.0,2014年第3四半期,未改装,,6.886490725172482
39002671,中古マンション等,,39201,高知県,高知市,縄手町,旭(高知),8,３ＬＤＫ,85,,,,,,,住宅,,,,第１種中高層住居専用地域,60.0,200.0,2018年第1四半期,未改装,,7.301029995663981
39014418,中古マンション等,,39201,高知県,高知市,升形,円行寺口,20,３ＬＤＫ,70,,,,平成3年,ＲＣ,住宅,,,,,第１種住居地域,60.0,200.0,2010年第2四半期,未改装,,7.113943352306837
39028566,中古マンション等,,39201,高知県,高知市,鴨部,朝倉(ＪＲ),28,３ＬＤＫ,70,,,,昭和52年,ＳＲＣ,住宅,,,,,第１種住居地域,60.0,200.0,2008年第3四半期,未改装,,6.518513939877887
39012999,中古マンション等,,39201,高知県,高知市,升形,円行寺口,21,３ＬＤＫ,70,,,,平成8年,ＲＣ,住宅,住宅,,,,第１種住居地域,60.0,200.0,2014年第3四半期,未改装,,7.146128035678238
39003430,中古マンション等,,39201,高知県,高知市,比島町,高知,10,２ＬＤＫ,55,,,,平成4年,ＳＲＣ,住宅,住宅,,,,近隣商業地域,80.0,200.0,2018年第3四半期,未改装,,7.079181246047625
39012685,中古マンション等,,39201,高知県,高知市,桜馬場,入明,11,２ＬＤＫ,45,,,,平成4年,ＳＲＣ,住宅,住宅,,,,近隣商業地域,80.0,300.0,2014年第4四半期,,,7.041392685158225
39026262,中古マンション等,,39201,高知県,高知市,北本町,高知,5,３ＬＤＫ,65,,,,昭和58年,ＳＲＣ,住宅,,,,,商業地域,80.0,400.0,2009年第1四半期,未改装,,6.8750612633917
39003442,中古マンション等,,39201,高知県,高知市,比島町,高知,15,３ＬＤＫ,80,,,,平成5年,ＳＲＣ,住宅,住宅,,,,第１種住居地域,60.0,200.0,2017年第1四半期,,,7.176091259055681
39014346,中古マンション等,,39201,高知県,高知市,比島町,高知,13,３ＬＤＫ,65,,,,平成5年,ＳＲＣ,住宅,,,,,第１種住居地域,60.0,200.0,2010年第1四半期,未改装,,7.041392685158225
39002899,中古マンション等,,39201,高知県,高知市,針木東町,朝倉(ＪＲ),30分?60分,３ＬＤＫ,80,,,,平成14年,ＳＲＣ,住宅,住宅,,,,準工業地域,60.0,200.0,2016年第2四半期,改装済,,7.176091259055681
39016870,中古マンション等,,39201,高知県,高知市,升形,円行寺口,21,３ＬＤＫ,65,,,,平成8年,ＲＣ,住宅,,,,,第１種住居地域,60.0,200.0,2011年第4四半期,改装済,,7.041392685158225
39003704,中古マンション等,,39201,高知県,高知市,升形,高知,28,１ＤＫ,30,,,,,ＳＲＣ,住宅,住宅,,,,,,,2017年第2四半期,未改装,,7.041392685158225
39020696,中古マンション等,,39201,高知県,高知市,桟橋通,高知,30分?60分,３ＬＤＫ,65,,,,平成13年,ＳＲＣ,住宅,,,,,商業地域,80.0,400.0,2012年第2四半期,改装済,,6.954242509439325
39003463,中古マンション等,,39201,高知県,高知市,一ツ橋町,高知,20,３ＬＤＫ,60,,,,平成6年,ＲＣ,住宅,住宅,,,,第２種住居地域,60.0,200.0,2016年第1四半期,未改装,,7.0
39026486,中古マンション等,,39201,高知県,高知市,廿代町,高知,12,３ＬＤＫ,70,,,,平成2年,ＳＲＣ,住宅,,,,,商業地域,80.0,400.0,2009年第3四半期,未改装,,7.079181246047625
39026459,中古マンション等,,39201,高知県,高知市,中宝永町,,,３ＬＤＫ,60,,,,,ＳＲＣ,住宅,,,,,,,,2009年第4四半期,未改装,,6.968482948553935
39021186,中古マンション等,,39201,高知県,高知市,比島町,高知,15,３ＬＤＫ,70,,,,平成5年,ＳＲＣ,住宅,,,,,第１種住居地域,60.0,200.0,2012年第3四半期,未改装,,7.079181246047625
39003694,中古マンション等,,39201,高知県,高知市,升形,入明,18,３ＤＫ,50,,,,平成2年,,,住宅,,,,商業地域,,,2020年第1四半期,改装済,,7.146128035678238
39001016,中古マンション等,,39201,高知県,高知市,小津町,入明,6,２ＬＤＫ,60,,,,,ＲＣ,住宅,住宅,,,,,,,2017年第2四半期,未改装,,7.2552725051033065
39029041,中古マンション等,,39201,高知県,高知市,針木東町,朝倉(ＪＲ),30分?60分,３ＬＤＫ,80,,,,平成15年,ＳＲＣ,住宅,,,,,準工業地域,60.0,200.0,2007年第4四半期,未改装,,7.301029995663981
39012584,中古マンション等,,39201,高知県,高知市,鴨部,旭(高知),1,４ＬＤＫ,70,,,,平成6年,ＲＣ,住宅,住宅,,,,準工業地域,60.0,200.0,2014年第2四半期,未改装,,6.929418925714293
39001020,中古マンション等,,39201,高知県,高知市,小津町,入明,7,４ＬＤＫ,100,,,,平成27年,ＲＣ,住宅,住宅,,,,近隣商業地域,80.0,300.0,2016年第3四半期,未改装,,7.6020599913279625
39029186,中古マンション等,,39201,高知県,高知市,一ツ橋町,入明,15,３ＬＤＫ,55,,,,平成6年,ＲＣ,住宅,,,,,,,,2007年第3四半期,未改装,,6.778151250383644
39002113,中古マンション等,,39201,高知県,高知市,鷹匠町,高知,21,２ＤＫ,45,,,,昭和63年,ＳＲＣ,,住宅,,,,商業地域,80.0,400.0,2018年第3四半期,,,6.8750612633917
39001745,中古マンション等,,39201,高知県,高知市,栄田町,高知,2,３ＬＤＫ,65,,,,平成29年,ＲＣ,,その他,,,,近隣商業地域,80.0,300.0,2020年第4四半期,未改装,,7.447158031342219
39001240,中古マンション等,,39201,高知県,高知市,鴨部,旭(高知),15,３ＬＤＫ,70,,,,昭和52年,ＳＲＣ,住宅,住宅,,,,第１種中高層住居専用地域,60.0,200.0,2017年第1四半期,,,6.991226075692495
39012608,中古マンション等,,39201,高知県,高知市,北本町,高知,8,２ＬＤＫ,80,,,,平成21年,ＲＣ,住宅,住宅,,,,,,,2014年第2四半期,,,7.278753600952829
39012815,中古マンション等,,39201,高知県,高知市,中宝永町,高知,23,２ＬＤＫ,50,,,,平成2年,ＳＲＣ,住宅,住宅,,,,商業地域,80.0,400.0,2014年第2四半期,改装済,,6.9084850188786495
39018330,中古マンション等,,39201,高知県,高知市,北本町,高知,16,２ＬＤＫ,70,,,,平成7年,ＲＣ,住宅,住宅,,,,,,,2015年第4四半期,,,7.113943352306837
39029046,中古マンション等,,39201,高知県,高知市,針木東町,朝倉(ＪＲ),30分?60分,３ＬＤＫ,80,,,,平成15年,ＳＲＣ,住宅,,,,,準工業地域,60.0,200.0,2007年第3四半期,未改装,,7.301029995663981
39029293,中古マンション等,,39201,高知県,高知市,南ノ丸町,高知,30分?60分,２ＤＫ,45,,,,昭和49年,ＳＲＣ,住宅,,,,,工業地域,60.0,200.0,2008年第4四半期,未改装,,6.2552725051033065
39026617,中古マンション等,,39201,高知県,高知市,比島町,高知,16,３ＬＤＫ,80,,,,平成5年,ＳＲＣ,住宅,,,,,第１種住居地域,60.0,200.0,2009年第4四半期,未改装,,7.113943352306837
39016590,中古マンション等,,39201,高知県,高知市,廿代町,高知,11,,25,,,,平成2年,ＳＲＣ,住宅,,,,,商業地域,80.0,500.0,2011年第3四半期,未改装,,6.3222192947339195
39002883,中古マンション等,,39201,高知県,高知市,針木東町,朝倉(ＪＲ),30分?60分,３ＬＤＫ,85,,,,平成15年,ＳＲＣ,,住宅,,,,準工業地域,60.0,200.0,2021年第1四半期,未改装,,7.230448921378274
39024145,中古マンション等,,39201,高知県,高知市,比島町,高知,15,３ＬＤＫ,65,,,,平成5年,ＳＲＣ,住宅,,,,,第１種住居地域,60.0,200.0,2013年第4四半期,改装済,,7.113943352306837
39001187,中古マンション等,,39201,高知県,高知市,上町,上町二丁目,4,１Ｋ,20,,,,平成3年,ＲＣ,住宅,住宅,,,,第１種住居地域,60.0,200.0,2016年第2四半期,未改装,,6.4623979978989565
39026237,中古マンション等,,39201,高知県,高知市,鴨部,,,３ＬＤＫ,70,,,,,ＲＣ,住宅,,,,,,,,2009年第3四半期,未改装,調停・競売等,6.724275869600789
39015537,中古マンション等,,39201,高知県,高知市,薊野西町,薊野,5,２ＬＤＫ,60,,,,平成17年,ＳＲＣ,住宅,,,,,第２種住居地域,60.0,200.0,2011年第1四半期,未改装,,7.2552725051033065
39018266,中古マンション等,,39201,高知県,高知市,上町,円行寺口,17,１ＤＫ,25,,,,平成3年,ＲＣ,住宅,住宅,,,,第１種住居地域,60.0,200.0,2015年第1四半期,未改装,,6.544068044350276
39001348,中古マンション等,,39201,高知県,高知市,北本町,高知,8,４ＬＤＫ,100,,,,平成20年,ＲＣ,住宅,住宅,,,,近隣商業地域,80.0,300.0,2018年第3四半期,未改装,,7.4623979978989565
39003720,中古マンション等,,39201,高知県,高知市,丸ノ内,入明,12,２ＬＤＫ,80,,,,平成17年,ＲＣ,住宅,住宅,,,,商業地域,80.0,400.0,2020年第4四半期,未改装,,7.3979400086720375
39029044,中古マンション等,,39201,高知県,高知市,針木東町,朝倉(ＪＲ),30分?60分,３ＬＤＫ,80,,,,平成15年,ＳＲＣ,住宅,,,,,準工業地域,60.0,200.0,2007年第3四半期,未改装,,7.301029995663981
39016173,中古マンション等,,39201,高知県,高知市,神田,旭(高知),30分?60分,２ＤＫ,35,,,,昭和55年,鉄骨造,住宅,,,,,第１種中高層住居専用地域,60.0,200.0,2011年第1四半期,未改装,,6.146128035678238
39016625,中古マンション等,,39201,高知県,高知市,針木東町,朝倉(ＪＲ),30分?60分,３ＬＤＫ,65,,,,昭和59年,ＲＣ,住宅,,,,,第１種中高層住居専用地域,60.0,200.0,2011年第4四半期,未改装,,6.681241237375588
39000966,中古マンション等,,39201,高知県,高知市,大津,舟戸,4,３ＬＤＫ,75,,,,平成13年,ＲＣ,,,,,,第１種住居地域,60.0,200.0,2017年第4四半期,改装済,,7.176091259055681
39013020,中古マンション等,,39201,高知県,高知市,南ノ丸町,高知,30分?60分,,45,,,,昭和60年,ＳＲＣ,住宅,住宅,,,,工業地域,60.0,200.0,2014年第4四半期,改装済,,6.3979400086720375
39023349,中古マンション等,,39201,高知県,高知市,愛宕山,高知,16,３ＬＤＫ,80,,,,平成20年,ＲＣ,住宅,,,,,第１種中高層住居専用地域,60.0,200.0,2013年第1四半期,改装済,,7.3222192947339195
39024089,中古マンション等,,39201,高知県,高知市,針木東町,朝倉(ＪＲ),30分?60分,３ＬＤＫ,80,,,,平成15年,ＳＲＣ,住宅,,,,,準工業地域,60.0,200.0,2013年第1四半期,未改装,,7.079181246047625
39001212,中古マンション等,,39201,高知県,高知市,鴨部,旭(高知),15,３ＬＤＫ,70,,,,昭和52年,ＳＲＣ,住宅,,,,,第１種中高層住居専用地域,60.0,200.0,2020年第2四半期,未改装,,6.778151250383644
39026260,中古マンション等,,39201,高知県,高知市,北本町,高知,7,３ＬＤＫ,80,,,,平成20年,ＲＣ,住宅,,,,,近隣商業地域,80.0,300.0,2009年第2四半期,未改装,,7.3222192947339195
39028358,中古マンション等,,39201,高知県,高知市,薊野西町,薊野,5,４ＬＤＫ,95,,,,平成17年,ＲＣ,住宅,,,,,第２種住居地域,60.0,200.0,2007年第3四半期,未改装,,7.414973347970818
39029258,中古マンション等,,39201,高知県,高知市,升形,入明,16,１ＬＤＫ,50,,,,平成2年,ＳＲＣ,住宅,,,,,商業地域,80.0,500.0,2008年第3四半期,未改装,,6.944482672150168
39000964,中古マンション等,,39201,高知県,高知市,大津,舟戸,4,３ＬＤＫ,75,,,,平成13年,ＲＣ,,住宅,,,,第１種住居地域,60.0,200.0,2020年第2四半期,未改装,,7.204119982655925
39000179,中古マンション等,,39201,高知県,高知市,朝倉西町,朝倉(ＪＲ),25,,70,,,,平成3年,ＲＣ,住宅,住宅,,,,第１種住居地域,60.0,200.0,2016年第3四半期,,,7.041392685158225
39017960,中古マンション等,,39201,高知県,高知市,旭町,旭(高知),7,４ＬＤＫ,85,,,,昭和61年,ＳＲＣ,住宅,住宅,,,,近隣商業地域,80.0,300.0,2015年第4四半期,未改装,,7.041392685158225
39012512,中古マンション等,,39201,高知県,高知市,潮新町,高知,28,３ＬＤＫ,70,,,,平成14年,ＳＲＣ,住宅,住宅,,,,商業地域,80.0,400.0,2014年第4四半期,未改装,,7.204119982655925
39016628,中古マンション等,,39201,高知県,高知市,針木東町,朝倉(ＪＲ),30分?60分,３ＬＤＫ,80,,,,平成15年,ＳＲＣ,住宅,,,,,準工業地域,60.0,200.0,2011年第1四半期,未改装,,7.146128035678238
39029039,中古マンション等,,39201,高知県,高知市,針木東町,朝倉(ＪＲ),30分?60分,４ＬＤＫ,90,,,,平成15年,ＳＲＣ,住宅,,,,,準工業地域,60.0,200.0,2008年第2四半期,未改装,調停・競売等,7.079181246047625
39020626,中古マンション等,,39201,高知県,高知市,神田,旭(高知),28,２ＤＫ,30,,,,昭和59年,鉄骨造,住宅,,,,,第１種中高層住居専用地域,60.0,200.0,2012年第4四半期,改装済,,6.2552725051033065
39003722,中古マンション等,,39201,高知県,高知市,丸ノ内,入明,13,３ＬＤＫ,80,,,,,ＲＣ,住宅,住宅,,,,商業地域,80.0,400.0,2019年第1四半期,未改装,,7.301029995663981
39015477,中古マンション等,,39201,高知県,高知市,旭町,旭(高知),7,３ＬＤＫ,70,,,,昭和61年,ＳＲＣ,住宅,,,,,近隣商業地域,80.0,300.0,2011年第2四半期,未改装,,7.079181246047625
39002770,中古マンション等,,39201,高知県,高知市,廿代町,高知,12,,40,,,,平成2年,ＳＲＣ,住宅,住宅,,,,商業地域,80.0,400.0,2019年第2四半期,未改装,,6.763427993562937
39018117,中古マンション等,,39201,高知県,高知市,潮新町,高知,24,３ＬＤＫ,70,,,,平成14年,ＳＲＣ,住宅,,,,,商業地域,80.0,400.0,2015年第1四半期,,,7.176091259055681
39020675,中古マンション等,,39201,高知県,高知市,桜馬場,入明,11,１ＤＫ,20,,,,平成4年,ＳＲＣ,住宅,,,,,近隣商業地域,80.0,300.0,2012年第1四半期,改装済,,6.505149978319906
39020793,中古マンション等,,39201,高知県,高知市,鷹匠町,高知,21,４ＬＤＫ,80,,,,昭和63年,ＳＲＣ,住宅,,,,,商業地域,80.0,400.0,2012年第3四半期,未改装,,7.113943352306837
39015779,中古マンション等,,39201,高知県,高知市,永国寺町,入明,12,２ＬＤＫ,75,,,,平成16年,ＲＣ,住宅,,,,,商業地域,80.0,400.0,2011年第3四半期,未改装,,7.301029995663981
39024152,中古マンション等,,39201,高知県,高知市,一ツ橋町,入明,15,２ＤＫ,55,,,,平成6年,ＲＣ,住宅,,,,,第２種住居地域,60.0,200.0,2013年第1四半期,,,6.892094602690481
39013487,中古マンション等,,39201,高知県,高知市,葛島,高知,30分?60分,３ＬＤＫ,75,,,,平成15年,ＳＲＣ,住宅,,,,,準工業地域,60.0,200.0,2010年第2四半期,,,7.146128035678238
39015704,中古マンション等,,39201,高知県,高知市,一宮東町,土佐一宮,16,３ＬＤＫ,70,,,,昭和61年,ＲＣ,住宅,,,,,準工業地域,60.0,200.0,2011年第4四半期,改装済,,6.845098040014257
39015966,中古マンション等,,39201,高知県,高知市,鴨部,高知商業前,20,２ＬＤＫ,60,,,,平成14年,ＳＲＣ,住宅,,,,,第１種中高層住居専用地域,60.0,200.0,2011年第1四半期,未改装,,6.977723605288848
39014212,中古マンション等,,39201,高知県,高知市,針木東町,朝倉(ＪＲ),24,３ＬＤＫ,70,,,,昭和59年,ＲＣ,住宅,,,,,第１種中高層住居専用地域,60.0,200.0,2010年第1四半期,改装済,,6.832508912706237
39016356,中古マンション等,,39201,高知県,高知市,鷹匠町,大橋通,3,２ＤＫ,45,,,,昭和63年,ＳＲＣ,住宅,,,,,商業地域,80.0,400.0,2011年第4四半期,未改装,,6.903089986991944
39020299,中古マンション等,,39201,高知県,高知市,永国寺町,入明,12,２ＬＤＫ,75,,,,平成16年,ＲＣ,住宅,,,,,第１種住居地域,60.0,200.0,2012年第2四半期,未改装,,7.278753600952829
39015392,中古マンション等,,39201,高知県,高知市,朝倉,朝倉(ＪＲ),29,３ＬＤＫ,70,,,,昭和62年,ＲＣ,住宅,,,,,第１種中高層住居専用地域,60.0,200.0,2011年第3四半期,未改装,,6.812913356642856
39001260,中古マンション等,,39201,高知県,高知市,鴨部,高知商業前,18,,70,,,,,ＳＲＣ,住宅,住宅,,,,,,,2017年第4四半期,改装済,,6.959041392321094
39000846,中古マンション等,,39201,高知県,高知市,大谷公園町,朝倉(ＪＲ),25,１ＬＤＫ,70,,,,平成8年,ＲＣ,住宅,住宅,,,,第１種中高層住居専用地域,60.0,200.0,2017年第4四半期,未改装,,6.778151250383644
39028569,中古マンション等,,39201,高知県,高知市,鴨部,旭(高知),,４ＬＤＫ,70,,,,平成6年,ＲＣ,住宅,,,,,,,,2008年第4四半期,未改装,,6.8750612633917
39015780,中古マンション等,,39201,高知県,高知市,永国寺町,入明,12,２ＬＤＫ,80,,,,平成16年,ＲＣ,住宅,,,,,商業地域,80.0,400.0,2011年第2四半期,未改装,,7.230448921378274
39001185,中古マンション等,,39201,高知県,高知市,上町,円行寺口,16,１Ｋ,20,,,,,ＲＣ,住宅,住宅,,,,第１種住居地域,60.0,200.0,2016年第1四半期,未改装,,6.3222192947339195
39003436,中古マンション等,,39201,高知県,高知市,比島町,高知,10,３ＬＤＫ,75,,,,平成4年,ＳＲＣ,住宅,住宅,,,,近隣商業地域,80.0,200.0,2017年第4四半期,改装済,,7.230448921378274
39015790,中古マンション等,,39201,高知県,高知市,越前町,円行寺口,6,３ＬＤＫ,75,,,,平成22年,ＲＣ,住宅,,,,,近隣商業地域,80.0,300.0,2011年第2四半期,改装済,,7.491361693834273
39003652,中古マンション等,,39201,高知県,高知市,本町,高知,15,３ＬＤＫ,70,,,,平成25年,ＲＣ,,住宅,,,,商業地域,80.0,600.0,2020年第3四半期,,,7.477121254719663
39001831,中古マンション等,,39201,高知県,高知市,桟橋通,桟橋通五丁目,7,３ＬＤＫ,65,,,,平成13年,ＳＲＣ,住宅,住宅,,,,商業地域,80.0,400.0,2019年第1四半期,改装済,,7.079181246047625
39002897,中古マンション等,,39201,高知県,高知市,針木東町,朝倉(ＪＲ),30分?60分,３ＬＤＫ,80,,,,平成15年,ＳＲＣ,住宅,住宅,,,,準工業地域,60.0,200.0,2017年第1四半期,未改装,,7.204119982655925
39012595,中古マンション等,,39201,高知県,高知市,北川添,高知,24,４ＬＤＫ,70,,,,平成15年,ＲＣ,住宅,,,,,準工業地域,60.0,200.0,2014年第3四半期,,,7.079181246047625
39020791,中古マンション等,,39201,高知県,高知市,鷹匠町,入明,21,３ＬＤＫ,95,,,,平成16年,ＲＣ,住宅,,,,,商業地域,80.0,400.0,2012年第2四半期,,,7.491361693834273
39029040,中古マンション等,,39201,高知県,高知市,針木東町,朝倉(ＪＲ),30分?60分,３ＬＤＫ,80,,,,平成15年,ＳＲＣ,住宅,,,,,準工業地域,60.0,200.0,2008年第1四半期,未改装,,7.2552725051033065
39020674,中古マンション等,,39201,高知県,高知市,桜馬場,入明,11,１ＤＫ,20,,,,平成4年,ＳＲＣ,住宅,,,,,近隣商業地域,80.0,300.0,2012年第2四半期,未改装,,6.447158031342219
39001157,中古マンション等,,39201,高知県,高知市,上町,円行寺口,18,１Ｋ,20,,,,平成3年,ＲＣ,住宅,住宅,,,,第１種住居地域,60.0,200.0,2020年第2四半期,未改装,,6.57978359661681
39000440,中古マンション等,,39201,高知県,高知市,愛宕山,高知,16,,75,,,,,ＲＣ,住宅,住宅,,,,第１種中高層住居専用地域,60.0,200.0,2017年第3四半期,未改装,,7.361727836017593
39021346,中古マンション等,,39201,高知県,高知市,南はりまや町,高知,13,１Ｋ,20,,,,平成3年,ＳＲＣ,住宅,,,,,商業地域,80.0,400.0,2012年第4四半期,未改装,,6.079181246047625
39001586,中古マンション等,,39201,高知県,高知市,神田,旭(高知),2,,30,,,,昭和59年,鉄骨造,,住宅,,,,第１種中高層住居専用地域,60.0,200.0,2019年第1四半期,,,5.929418925714293
39018595,中古マンション等,,39201,高知県,高知市,鷹匠町,高知,27,２ＬＤＫ,95,,,,平成16年,ＲＣ,住宅,住宅,,,,商業地域,80.0,400.0,2015年第3四半期,未改装,,7.477121254719663
39019245,中古マンション等,,39201,高知県,高知市,吉田町,高知,18,３ＬＤＫ,70,,,,平成14年,ＲＣ,住宅,住宅,,,,第１種中高層住居専用地域,60.0,200.0,2015年第4四半期,未改装,,7.204119982655925
39000331,中古マンション等,,39201,高知県,高知市,薊野西町,薊野,5,４ＬＤＫ,95,,,,平成17年,ＳＲＣ,住宅,住宅,,,,第２種住居地域,60.0,200.0,2019年第2四半期,未改装,,7.3979400086720375
39026259,中古マンション等,,39201,高知県,高知市,北本町,高知,7,３ＬＤＫ,80,,,,平成20年,ＲＣ,住宅,,,,,近隣商業地域,80.0,300.0,2009年第2四半期,未改装,,7.342422680822207
39029296,中古マンション等,,39201,高知県,高知市,南ノ丸町,高知,30分?60分,３ＤＫ,50,,,,昭和51年,ＳＲＣ,住宅,,,,,工業地域,60.0,200.0,2008年第1四半期,未改装,,6.477121254719663
39015935,中古マンション等,,39201,高知県,高知市,鴨部,旭駅前通,12,３ＬＤＫ,70,,,,昭和52年,ＳＲＣ,住宅,,,,,第１種住居地域,60.0,200.0,2011年第4四半期,改装済,,6.748188027006201
39012580,中古マンション等,,39201,高知県,高知市,鴨部,旭(高知),19,５ＬＤＫ,85,,,,平成6年,ＲＣ,住宅,住宅,,,,第１種中高層住居専用地域,60.0,200.0,2014年第4四半期,未改装,,7.176091259055681
39001743,中古マンション等,,39201,高知県,高知市,堺町,高知,14,１Ｋ,35,,,,,ＳＲＣ,住宅,住宅,,,,,,,2016年第2四半期,未改装,,5.903089986991944
39029303,中古マンション等,,39201,高知県,高知市,南はりまや町,高知,14,１Ｋ,15,,,,平成3年,ＳＲＣ,住宅,,,,,商業地域,80.0,400.0,2007年第2四半期,未改装,,6.361727836017593
39029038,中古マンション等,,39201,高知県,高知市,針木東町,朝倉(ＪＲ),30分?60分,３ＬＤＫ,80,,,,平成15年,ＳＲＣ,住宅,,,,,準工業地域,60.0,200.0,2008年第2四半期,未改装,,7.204119982655925
39002896,中古マンション等,,39201,高知県,高知市,針木東町,朝倉(ＪＲ),30分?60分,４ＬＤＫ,90,,,,平成15年,ＳＲＣ,,住宅,,,,準工業地域,60.0,200.0,2017年第4四半期,未改装,,7.3222192947339195
39003801,中古マンション等,,39201,高知県,高知市,南はりまや町,高知,13,１Ｋ,20,,,,平成3年,ＳＲＣ,住宅,住宅,,,,商業地域,80.0,400.0,2021年第1四半期,未改装,,6.342422680822207
39003915,中古マンション等,,39201,高知県,高知市,横浜,高知,1H?1H30,３ＬＤＫ,70,,,,平成14年,ＲＣ,住宅,住宅,,,,工業地域,60.0,200.0,2020年第2四半期,未改装,,7.2552725051033065
39000435,中古マンション等,,39201,高知県,高知市,愛宕山,高知,25,３ＬＤＫ,85,,,,平成18年,ＲＣ,住宅,住宅,,,,近隣商業地域,80.0,200.0,2020年第2四半期,改装済,,7.414973347970818
39028326,中古マンション等,,39201,高知県,高知市,旭町,旭(高知),7,３ＬＤＫ,70,,,,昭和61年,ＳＲＣ,住宅,,,,,近隣商業地域,80.0,300.0,2008年第3四半期,改装済,,7.079181246047625
39002895,中古マンション等,,39201,高知県,高知市,針木東町,朝倉(ＪＲ),30分?60分,３ＬＤＫ,80,,,,平成15年,ＳＲＣ,住宅,住宅,,,,準工業地域,60.0,200.0,2017年第4四半期,未改装,,7.176091259055681
39021013,中古マンション等,,39201,高知県,高知市,針木東町,朝倉(ＪＲ),30分?60分,１ＬＤＫ,80,,,,平成15年,ＳＲＣ,住宅,,,,,準工業地域,60.0,200.0,2012年第2四半期,改装済,,7.113943352306837
39003726,中古マンション等,,39201,高知県,高知市,丸ノ内,入明,12,３ＬＤＫ,80,,,,平成17年,ＲＣ,住宅,住宅,,,,商業地域,80.0,400.0,2017年第1四半期,,,7.414973347970818
39016591,中古マンション等,,39201,高知県,高知市,廿代町,高知,13,１Ｋ,20,,,,平成2年,ＳＲＣ,住宅,,,,,商業地域,80.0,400.0,2011年第2四半期,改装済,,6.544068044350276
39018300,中古マンション等,,39201,高知県,高知市,鴨部,旭(高知),14,３ＬＤＫ,70,,,,,ＳＲＣ,住宅,住宅,,,,,,,2015年第1四半期,未改装,,7.041392685158225
39021348,中古マンション等,,39201,高知県,高知市,南はりまや町,高知,13,１Ｋ,20,,,,平成3年,ＳＲＣ,住宅,,,,,商業地域,80.0,400.0,2012年第2四半期,未改装,調停・競売等,6.342422680822207
39026231,中古マンション等,,39201,高知県,高知市,鴨部,旭(高知),21,４ＬＤＫ,70,,,,平成6年,ＲＣ,住宅,,,,,準工業地域,60.0,200.0,2009年第3四半期,未改装,調停・競売等,6.799340549453582
39017989,中古マンション等,,39201,高知県,高知市,薊野西町,薊野,5,４ＬＤＫ,95,,,,平成17年,ＳＲＣ,住宅,住宅,,,,第２種住居地域,60.0,200.0,2015年第1四半期,未改装,,7.278753600952829
39024252,中古マンション等,,39201,高知県,高知市,横浜,高知,1H?1H30,３ＬＤＫ,70,,,,平成14年,ＲＣ,住宅,,,,,工業地域,60.0,200.0,2013年第4四半期,未改装,,7.079181246047625
39000695,中古マンション等,,39201,高知県,高知市,一宮東町,土佐一宮,18,３ＬＤＫ,70,,,,平成14年,ＳＲＣ,住宅,住宅,,,,準工業地域,60.0,200.0,2021年第1四半期,未改装,,7.079181246047625
39018633,中古マンション等,,39201,高知県,高知市,唐人町,菜園場町,5,３ＬＤＫ,85,,,,平成11年,ＲＣ,住宅,住宅,,,,商業地域,80.0,400.0,2015年第4四半期,未改装,,7.2552725051033065
39015920,中古マンション等,,39201,高知県,高知市,鴨部,朝倉(ＪＲ),30分?60分,３ＬＤＫ,70,,,,平成9年,ＲＣ,住宅,,,,,準工業地域,60.0,200.0,2011年第3四半期,改装済,調停・競売等,6.8512583487190755
39024148,中古マンション等,,39201,高知県,高知市,比島町,高知,15,３ＬＤＫ,55,,,,平成5年,ＳＲＣ,住宅,,,,,第１種住居地域,60.0,200.0,2013年第1四半期,改装済,,6.954242509439325
39000273,中古マンション等,,39201,高知県,高知市,旭町,旭(高知),6,３ＬＤＫ,70,,,,昭和61年,ＳＲＣ,,住宅,,,,近隣商業地域,80.0,200.0,2020年第4四半期,改装済,,7.176091259055681
39020699,中古マンション等,,39201,高知県,高知市,桟橋通,高知,30分?60分,３ＬＤＫ,65,,,,平成13年,ＳＲＣ,住宅,,,,,商業地域,80.0,400.0,2012年第1四半期,未改装,,6.913813852383717
39003448,中古マンション等,,39201,高知県,高知市,比島町,高知,15,４ＬＤＫ,75,,,,平成5年,ＳＲＣ,住宅,,,,,第１種住居地域,60.0,200.0,2016年第1四半期,改装済,,7.204119982655925
39020126,中古マンション等,,39201,高知県,高知市,薊野西町,薊野,5,４ＬＤＫ,95,,,,平成17年,ＳＲＣ,住宅,,,,,第２種住居地域,60.0,200.0,2012年第4四半期,未改装,,7.278753600952829
39020304,中古マンション等,,39201,高知県,高知市,越前町,円行寺口,6,３ＬＤＫ,65,,,,平成22年,ＲＣ,住宅,,,,,近隣商業地域,80.0,300.0,2012年第3四半期,改装済,,7.2552725051033065
39001375,中古マンション等,,39201,高知県,高知市,九反田,高知,24,１ＬＤＫ,80,,,,,,,住宅,,,,第１種住居地域,60.0,200.0,2018年第3四半期,未改装,,7.447158031342219
39013023,中古マンション等,,39201,高知県,高知市,南ノ丸町,高知,30分?60分,３ＤＫ,50,,,,昭和51年,ＳＲＣ,住宅,住宅,,,,工業地域,60.0,200.0,2014年第3四半期,未改装,,6.518513939877887
39029297,中古マンション等,,39201,高知県,高知市,南ノ丸町,高知,30分?60分,１ＬＤＫ,40,,,,昭和49年,ＳＲＣ,住宅,,,,,工業地域,60.0,200.0,2007年第4四半期,改装済,,6.361727836017593
39029042,中古マンション等,,39201,高知県,高知市,針木東町,朝倉(ＪＲ),30分?60分,３ＬＤＫ,80,,,,平成15年,ＳＲＣ,住宅,,,,,準工業地域,60.0,200.0,2007年第4四半期,未改装,,7.2552725051033065
39019194,中古マンション等,,39201,高知県,高知市,南はりまや町,高知,13,１Ｋ,20,,,,,ＳＲＣ,住宅,住宅,,,,商業地域,80.0,400.0,2015年第4四半期,未改装,,6.342422680822207
39028356,中古マンション等,,39201,高知県,高知市,薊野西町,薊野,4,４ＬＤＫ,95,,,,平成17年,ＳＲＣ,住宅,,,,,第２種住居地域,60.0,200.0,2007年第4四半期,未改装,,7.342422680822207
39013021,中古マンション等,,39201,高知県,高知市,南ノ丸町,高知,30分?60分,オープンフロア,480,,,,,ＳＲＣ,事務所,,,,,,,,2014年第3四半期,未改装,調停・競売等,5.278753600952829
39028522,中古マンション等,,39201,高知県,高知市,小津町,入明,11,１Ｋ,20,,,,昭和61年,ＲＣ,住宅,,,,,第１種住居地域,60.0,200.0,2007年第3四半期,未改装,,6.57978359661681
39001655,中古マンション等,,39201,高知県,高知市,神田,旭(高知),30分?60分,,35,,,,昭和54年,鉄骨造,住宅,住宅,,,,第１種中高層住居専用地域,60.0,200.0,2016年第1四半期,未改装,,5.477121254719663
39018294,中古マンション等,,39201,高知県,高知市,鴨部,旭(高知),21,３ＬＤＫ,70,,,,平成6年,ＲＣ,住宅,住宅,,,,準工業地域,60.0,200.0,2015年第2四半期,未改装,,7.079181246047625
39000329,中古マンション等,,39201,高知県,高知市,薊野西町,薊野,5,４ＬＤＫ,95,,,,平成17年,ＳＲＣ,,住宅,,,,第２種住居地域,60.0,200.0,2019年第4四半期,未改装,,7.380211241711606
39023907,中古マンション等,,39201,高知県,高知市,桟橋通,高知,25,４ＬＤＫ,80,,,,,ＳＲＣ,住宅,,,,,商業地域,80.0,400.0,2013年第4四半期,未改装,,6.929418925714293
39001750,中古マンション等,,39201,高知県,高知市,栄田町,高知,2,,60,,,,平成29年,ＲＣ,,その他,,,,近隣商業地域,80.0,300.0,2018年第1四半期,,,7.3979400086720375
39018488,中古マンション等,,39201,高知県,高知市,桜馬場,入明,11,１Ｋ,20,,,,平成4年,ＳＲＣ,住宅,住宅,,,,近隣商業地域,80.0,300.0,2015年第1四半期,未改装,,6.3979400086720375
39001029,中古マンション等,,39201,高知県,高知市,帯屋町,高知,18,２ＬＤＫ,85,,,,,ＲＣ,住宅,住宅,,,,,,,2017年第2四半期,改装済,,7.531478917042255
39029045,中古マンション等,,39201,高知県,高知市,針木東町,朝倉(ＪＲ),30分?60分,３ＬＤＫ,80,,,,平成15年,ＳＲＣ,住宅,,,,,準工業地域,60.0,200.0,2007年第3四半期,未改装,,7.113943352306837
39001235,中古マンション等,,39201,高知県,高知市,鴨部,旭(高知),15,４ＤＫ,70,,,,昭和52年,ＳＲＣ,住宅,住宅,,,,第１種住居地域,60.0,200.0,2017年第4四半期,未改装,,6.681241237375588
39001167,中古マンション等,,39201,高知県,高知市,上町,円行寺口,18,１ＤＫ,25,,,,平成3年,ＲＣ,住宅,住宅,,,,第１種住居地域,60.0,200.0,2019年第1四半期,未改装,,6.633468455579586
39019013,中古マンション等,,39201,高知県,高知市,比島町,高知,14,３ＬＤＫ,60,,,,平成4年,ＳＲＣ,住宅,住宅,,,,,,,2015年第2四半期,,,6.477121254719663
39001210,中古マンション等,,39201,高知県,高知市,鴨部,旭(高知),15,,70,,,,,ＳＲＣ,,住宅,,,,第１種住居地域,60.0,200.0,2020年第3四半期,改装済,,6.954242509439325
39014471,中古マンション等,,39201,高知県,高知市,南御座,高知,26,４ＬＤＫ,90,,,,平成16年,ＲＣ,住宅,,,,,準工業地域,60.0,200.0,2010年第1四半期,未改装,,7.204119982655925
39026117,中古マンション等,,39201,高知県,高知市,一宮東町,土佐一宮,17,２ＬＤＫ,65,,,,平成14年,ＳＲＣ,住宅,,,,,第１種住居地域,60.0,200.0,2009年第3四半期,改装済,,7.0
39026095,中古マンション等,,39201,高知県,高知市,愛宕山,高知,15,３ＬＤＫ,75,,,,平成20年,ＲＣ,住宅,,,,,第１種中高層住居専用地域,60.0,200.0,2009年第3四半期,未改装,,7.2552725051033065
39026263,中古マンション等,,39201,高知県,高知市,北本町,,,３ＬＤＫ,85,,,,,ＲＣ,住宅,,,,,,,,2009年第2四半期,改装済,,7.278753600952829
39003445,中古マンション等,,39201,高知県,高知市,比島町,高知,15,３ＬＤＫ,70,,,,平成5年,ＳＲＣ,住宅,住宅,,,,第１種住居地域,60.0,200.0,2016年第3四半期,未改装,,7.113943352306837
39015789,中古マンション等,,39201,高知県,高知市,越前町,円行寺口,6,４ＬＤＫ,75,,,,平成22年,ＲＣ,住宅,,,,,近隣商業地域,80.0,300.0,2011年第2四半期,未改装,,7.491361693834273
39001242,中古マンション等,,39201,高知県,高知市,鴨部,旭(高知),15,２ＬＤＫ,70,,,,昭和52年,ＳＲＣ,住宅,,,,,第１種住居地域,60.0,200.0,2016年第4四半期,,,7.079181246047625
39026256,中古マンション等,,39201,高知県,高知市,北本町,高知,6,４ＬＤＫ,65,,,,昭和58年,ＳＲＣ,住宅,,,,,商業地域,80.0,400.0,2009年第2四半期,未改装,,7.0
39003669,中古マンション等,,39201,高知県,高知市,本町,高知,15,１ＬＤＫ,55,,,,平成25年,ＲＣ,,,,,,商業地域,80.0,600.0,2017年第4四半期,改装済,,7.361727836017593
39013405,中古マンション等,,39201,高知県,高知市,大谷公園町,朝倉(ＪＲ),25,３ＬＤＫ,65,,,,平成8年,ＲＣ,住宅,,,,,第１種中高層住居専用地域,60.0,200.0,2010年第4四半期,未改装,,6.892094602690481
39000813,中古マンション等,,39201,高知県,高知市,越前町,円行寺口,6,３ＬＤＫ,65,,,,平成22年,ＲＣ,住宅,住宅,,,,近隣商業地域,80.0,300.0,2016年第3四半期,未改装,,7.2552725051033065
39001180,中古マンション等,,39201,高知県,高知市,上町,円行寺口,16,,25,,,,平成3年,ＲＣ,住宅,,,,,第１種住居地域,60.0,200.0,2017年第1四半期,,,6.505149978319906
39000064,中古マンション等,,39201,高知県,高知市,朝倉,朝倉(ＪＲ),30分?60分,,70,,,,昭和62年,ＲＣ,住宅,住宅,,,,第１種中高層住居専用地域,60.0,200.0,2020年第1四半期,未改装,,6.892094602690481
39013915,中古マンション等,,39201,高知県,高知市,高須,高知,30分?60分,４ＬＤＫ,95,,,,平成16年,ＳＲＣ,住宅,,,,,準工業地域,60.0,200.0,2010年第4四半期,未改装,,7.3222192947339195
39026618,中古マンション等,,39201,高知県,高知市,比島町,高知,10,３ＬＤＫ,75,,,,平成4年,ＳＲＣ,住宅,,,,,近隣商業地域,80.0,200.0,2009年第4四半期,未改装,,6.968482948553935
39002123,中古マンション等,,39201,高知県,高知市,高須,高知,30分?60分,３ＬＤＫ,80,,,,平成16年,ＳＲＣ,,住宅,,,,準工業地域,60.0,200.0,2017年第3四半期,未改装,,7.204119982655925
39021340,中古マンション等,,39201,高知県,高知市,南御座,高知,25,４ＬＤＫ,80,,,,平成14年,ＲＣ,住宅,,,,,準工業地域,60.0,200.0,2012年第2四半期,未改装,,7.041392685158225
39029181,中古マンション等,,39201,高知県,高知市,比島町,高知,12,３ＬＤＫ,70,,,,平成5年,ＳＲＣ,住宅,,,,,,60.0,200.0,2008年第1四半期,改装済,,7.079181246047625
39012986,中古マンション等,,39201,高知県,高知市,二葉町,高知,28,３ＬＤＫ,70,,,,昭和49年,ＳＲＣ,住宅,住宅,,,,準工業地域,60.0,200.0,2014年第4四半期,,,6.763427993562937
39018288,中古マンション等,,39201,高知県,高知市,鴨部,旭(高知),19,,70,,,,,ＳＲＣ,住宅,住宅,,,,第１種住居地域,60.0,200.0,2015年第4四半期,,,6.880813592280791
39002109,中古マンション等,,39201,高知県,高知市,鷹匠町,高知,21,３ＬＤＫ,95,,,,平成16年,ＲＣ,,住宅,,,,商業地域,80.0,400.0,2020年第3四半期,,,7.447158031342219
39028731,中古マンション等,,39201,高知県,高知市,相模町,入明,8,３ＬＤＫ,70,,,,平成15年,ＲＣ,住宅,,,,,第１種中高層住居専用地域,60.0,200.0,2007年第3四半期,未改装,,7.361727836017593
39002110,中古マンション等,,39201,高知県,高知市,鷹匠町,高知,21,３ＬＤＫ,60,,,,昭和63年,ＳＲＣ,住宅,住宅,,,,商業地域,80.0,400.0,2020年第2四半期,改装済,,6.991226075692495
39028357,中古マンション等,,39201,高知県,高知市,薊野西町,薊野,5,４ＬＤＫ,95,,,,平成17年,ＳＲＣ,住宅,,,,,第２種住居地域,60.0,200.0,2007年第4四半期,未改装,,7.3222192947339195
39012686,中古マンション等,,39201,高知県,高知市,桜馬場,入明,11,２ＤＫ,40,,,,平成4年,ＳＲＣ,住宅,住宅,,,,近隣商業地域,80.0,300.0,2014年第3四半期,未改装,,6.724275869600789
39001340,中古マンション等,,39201,高知県,高知市,北本町,高知,15,４ＬＤＫ,70,,,,,ＲＣ,,住宅,,,,準工業地域,60.0,200.0,2020年第3四半期,,,6.041392685158225
39021345,中古マンション等,,39201,高知県,高知市,南はりまや町,高知,14,１Ｋ,20,,,,平成3年,ＳＲＣ,住宅,,,,,商業地域,80.0,400.0,2012年第4四半期,未改装,,6.342422680822207
39001208,中古マンション等,,39201,高知県,高知市,鴨部,旭(高知),15,２ＬＤＫ,70,,,,昭和52年,ＳＲＣ,住宅,住宅,,,,第１種中高層住居専用地域,60.0,200.0,2020年第3四半期,未改装,,7.113943352306837
39014438,中古マンション等,,39201,高知県,高知市,みづき,円行寺口,28,３ＬＤＫ,75,,,,平成16年,ＳＲＣ,住宅,,,,,第１種住居地域,60.0,200.0,2010年第2四半期,未改装,,7.146128035678238
39020099,中古マンション等,,39201,高知県,高知市,旭町,旭(高知),7,４ＬＤＫ,80,,,,,ＳＲＣ,住宅,,,,,第１種住居地域,60.0,200.0,2012年第1四半期,未改装,,6.991226075692495
39015927,中古マンション等,,39201,高知県,高知市,鴨部,旭(高知),15,３ＬＤＫ,70,,,,昭和52年,ＳＲＣ,住宅,,,,,第１種住居地域,60.0,200.0,2011年第2四半期,改装済,,6.477121254719663
39003795,中古マンション等,,39201,高知県,高知市,南ノ丸町,高知,30分?60分,オープンフロア,105,,,,,ＳＲＣ,事務所,事務所,,,,工業地域,60.0,200.0,2017年第4四半期,未改装,,6.518513939877887
39003752,中古マンション等,,39201,高知県,高知市,南川添,高知,25,２ＬＤＫ,55,,,,平成31年,,,住宅,,,,準工業地域,60.0,200.0,2019年第4四半期,,,7.3979400086720375
39026068,中古マンション等,,39201,高知県,高知市,旭町,旭(高知),6,３ＬＤＫ,75,,,,昭和62年,ＳＲＣ,住宅,,,,,近隣商業地域,80.0,300.0,2009年第1四半期,改装済,,7.176091259055681
39013017,中古マンション等,,39201,高知県,高知市,南御座,高知,25,４ＬＤＫ,90,,,,平成14年,ＲＣ,住宅,住宅,,,,準工業地域,60.0,200.0,2014年第1四半期,未改装,,7.2552725051033065
39003671,中古マンション等,,39201,高知県,高知市,本町,高知,26,３ＬＤＫ,75,,,,,ＲＣ,住宅,住宅,,,,,,,2017年第3四半期,,,7.4623979978989565
39028548,中古マンション等,,39201,高知県,高知市,葛島,高知,30分?60分,４ＬＤＫ,90,,,,平成13年,ＲＣ,住宅,,,,,近隣商業地域,80.0,200.0,2007年第4四半期,未改装,,7.176091259055681
39029346,中古マンション等,,39201,高知県,高知市,六泉寺町,高知,30分?60分,３ＬＤＫ,75,,,,平成10年,ＲＣ,住宅,,,,,第１種住居地域,60.0,200.0,2008年第2四半期,改装済,,7.146128035678238
39018332,中古マンション等,,39201,高知県,高知市,北本町,高知,16,５ＬＤＫ,85,,,,平成7年,ＲＣ,住宅,住宅,,,,,,,2015年第4四半期,,,7.113943352306837
39024068,中古マンション等,,39201,高知県,高知市,廿代町,高知,12,１Ｋ,20,,,,平成2年,ＳＲＣ,住宅,,,,,商業地域,80.0,400.0,2013年第4四半期,未改装,,6.477121254719663
39014210,中古マンション等,,39201,高知県,高知市,針木東町,朝倉(ＪＲ),30分?60分,３ＬＤＫ,80,,,,,ＳＲＣ,住宅,,,,,,,,2010年第3四半期,未改装,,7.146128035678238
39001744,中古マンション等,,39201,高知県,高知市,堺町,高知,13,１ＬＤＫ,30,,,,昭和63年,ＳＲＣ,住宅,住宅,,,,商業地域,80.0,500.0,2016年第1四半期,未改装,,6.6020599913279625
39003443,中古マンション等,,39201,高知県,高知市,比島町,高知,14,４ＬＤＫ,80,,,,平成5年,ＳＲＣ,住宅,住宅,,,,第１種住居地域,60.0,200.0,2017年第1四半期,未改装,,7.146128035678238
39026648,中古マンション等,,39201,高知県,高知市,升形,入明,20,３ＬＤＫ,70,,,,平成3年,ＲＣ,住宅,,,,,第１種住居地域,60.0,200.0,2009年第2四半期,改装済,,7.204119982655925
39028612,中古マンション等,,39201,高知県,高知市,北本町,夜須,4,２ＬＤＫ,55,,,,昭和58年,ＳＲＣ,住宅,,,,,商業地域,80.0,400.0,2007年第4四半期,改装済,,6.954242509439325
39001827,中古マンション等,,39201,高知県,高知市,桟橋通,高知,30分?60分,４ＬＤＫ,75,,,,平成13年,ＳＲＣ,住宅,住宅,,,,商業地域,80.0,400.0,2016年第3四半期,未改装,,7.041392685158225
39001742,中古マンション等,,39201,高知県,高知市,堺町,高知,14,１Ｋ,35,,,,,ＳＲＣ,住宅,住宅,,,,,,,2016年第3四半期,改装済,,6.6020599913279625
39018500,中古マンション等,,39201,高知県,高知市,桟橋通,桟橋通五丁目,6,３ＬＤＫ,65,,,,平成13年,ＳＲＣ,住宅,住宅,,,,,,,2015年第1四半期,,,6.973127853599698
39003438,中古マンション等,,39201,高知県,高知市,比島町,高知,10,３ＬＤＫ,65,,,,平成4年,ＳＲＣ,住宅,住宅,,,,近隣商業地域,80.0,200.0,2017年第3四半期,未改装,,7.176091259055681
39020446,中古マンション等,,39201,高知県,高知市,鴨部,旭(高知),16,３ＬＤＫ,70,,,,昭和52年,ＳＲＣ,住宅,,,,,第１種住居地域,60.0,200.0,2012年第2四半期,改装済,,6.913813852383717
39001231,中古マンション等,,39201,高知県,高知市,鴨部,旭(高知),21,４ＬＤＫ＋Ｓ,75,,,,平成6年,ＲＣ,住宅、その他,住宅,,,,準工業地域,60.0,200.0,2018年第2四半期,未改装,,7.0
39023908,中古マンション等,,39201,高知県,高知市,桟橋通,高知,20,４ＬＤＫ,80,,,,平成4年,ＳＲＣ,住宅,,,,,商業地域,80.0,400.0,2013年第4四半期,未改装,,6.832508912706237
39018290,中古マンション等,,39201,高知県,高知市,鴨部,旭(高知),19,４ＬＤＫ,70,,,,平成6年,ＲＣ,住宅,住宅,,,,第１種中高層住居専用地域,60.0,200.0,2015年第3四半期,未改装,,7.041392685158225
39028481,中古マンション等,,39201,高知県,高知市,大谷公園町,朝倉(ＪＲ),25,４ＬＤＫ,70,,,,平成8年,ＲＣ,住宅,,,,,第１種中高層住居専用地域,60.0,200.0,2008年第1四半期,未改装,,7.0
39001176,中古マンション等,,39201,高知県,高知市,上町,円行寺口,16,１ＤＫ,20,,,,,ＲＣ,,住宅,,,,第１種住居地域,60.0,200.0,2018年第1四半期,未改装,,6.477121254719663
39002772,中古マンション等,,39201,高知県,高知市,廿代町,高知,13,１ＤＫ,20,,,,,ＳＲＣ,住宅,その他,,,,商業地域,80.0,400.0,2017年第4四半期,未改装,,6.301029995663981
39028712,中古マンション等,,39201,高知県,高知市,神田,,,２ＤＫ,30,,,,,鉄骨造,住宅,,,,,,,,2007年第3四半期,改装済,,6.301029995663981
39019140,中古マンション等,,39201,高知県,高知市,升形,高知,26,１ＤＫ,20,,,,,ＳＲＣ,住宅,,,,,商業地域,80.0,400.0,2015年第4四半期,未改装,,6.5910646070264995
39028359,中古マンション等,,39201,高知県,高知市,薊野西町,薊野,5,４ＬＤＫ,95,,,,平成16年,ＳＲＣ,住宅,,,,,第２種住居地域,60.0,200.0,2007年第3四半期,未改装,,7.380211241711606
39001129,中古マンション等,,39201,高知県,高知市,葛島,高知,30分?60分,３ＬＤＫ,75,,,,平成15年,ＳＲＣ,住宅,住宅,,,,準工業地域,60.0,200.0,2016年第2四半期,未改装,,7.146128035678238
39001221,中古マンション等,,39201,高知県,高知市,鴨部,旭(高知),15,３ＬＤＫ,70,,,,昭和52年,ＳＲＣ,住宅,住宅,,,,第１種中高層住居専用地域,60.0,200.0,2019年第3四半期,改装済,,6.698970004336019
39028311,中古マンション等,,39201,高知県,高知市,朝倉西町,朝倉(ＪＲ),25,３ＬＤＫ,70,,,,平成3年,ＲＣ,住宅,,,,,第１種住居地域,60.0,200.0,2007年第2四半期,未改装,,7.041392685158225
39003615,中古マンション等,,39201,高知県,高知市,二葉町,知寄町一丁目,2,３ＬＤＫ,70,,,,平成8年,ＳＲＣ,住宅,住宅,,,,準工業地域,60.0,200.0,2016年第3四半期,未改装,,6.7558748556724915
39020415,中古マンション等,,39201,高知県,高知市,上町,円行寺口,18,１Ｋ,25,,,,平成3年,ＲＣ,住宅,,,,,第１種住居地域,60.0,200.0,2012年第1四半期,未改装,,6.491361693834273
39000965,中古マンション等,,39201,高知県,高知市,大津,舟戸,4,３ＬＤＫ,75,,,,平成13年,ＲＣ,住宅,住宅,,,,第１種住居地域,60.0,200.0,2017年第4四半期,未改装,,7.176091259055681
39013022,中古マンション等,,39201,高知県,高知市,南ノ丸町,高知,30分?60分,２ＤＫ,40,,,,昭和49年,ＳＲＣ,住宅,住宅,,,,工業地域,60.0,200.0,2014年第3四半期,未改装,,6.342422680822207
39026668,中古マンション等,,39201,高知県,高知市,南ノ丸町,高知,30分?60分,２ＬＤＫ,40,,,,昭和49年,ＳＲＣ,住宅,,,,,工業地域,60.0,200.0,2009年第3四半期,未改装,,6.2552725051033065
39012585,中古マンション等,,39201,高知県,高知市,鴨部,旭(高知),15,２ＬＤＫ,60,,,,昭和52年,ＳＲＣ,住宅,住宅,,,,第２種中高層住居専用地域,60.0,150.0,2014年第2四半期,未改装,,6.778151250383644
39003816,中古マンション等,,39201,高知県,高知市,南はりまや町,高知,14,３ＬＤＫ,75,,,,平成3年,ＳＲＣ,住宅,住宅,,,,商業地域,80.0,400.0,2018年第2四半期,未改装,,6.968482948553935
39016809,中古マンション等,,39201,高知県,高知市,比島町,土佐一宮,13,３ＬＤＫ,70,,,,平成5年,ＳＲＣ,住宅,,,,,第１種住居地域,60.0,200.0,2011年第1四半期,未改装,,7.079181246047625
39014155,中古マンション等,,39201,高知県,高知市,廿代町,高知,14,１Ｋ,20,,,,昭和63年,ＳＲＣ,住宅,,,,,商業地域,80.0,400.0,2010年第2四半期,未改装,,6.431363764158987
39001014,中古マンション等,,39201,高知県,高知市,小津町,入明,5,２ＤＫ,60,,,,平成25年,,,住宅,,,,第１種住居地域,60.0,200.0,2018年第4四半期,未改装,,7.361727836017593
39001015,中古マンション等,,39201,高知県,高知市,小津町,入明,5,２ＬＤＫ＋Ｓ,60,,,,平成25年,ＲＣ,住宅,住宅,,,,第１種住居地域,60.0,200.0,2017年第2四半期,未改装,,7.301029995663981
39003614,中古マンション等,,39201,高知県,高知市,二葉町,知寄町一丁目,2,１ＬＤＫ,30,,,,平成8年,ＳＲＣ,,住宅,,,,準工業地域,60.0,200.0,2020年第3四半期,,,6.477121254719663
39013239,中古マンション等,,39201,高知県,高知市,愛宕山,入明,22,４ＬＤＫ,85,,,,平成18年,ＲＣ,住宅,,,,,近隣商業地域,80.0,200.0,2010年第4四半期,未改装,,7.491361693834273
39028958,中古マンション等,,39201,高知県,高知市,中宝永町,高知,23,３ＬＤＫ,55,,,,平成2年,ＳＲＣ,住宅,,,,,商業地域,80.0,400.0,2008年第1四半期,未改装,,7.041392685158225
39020309,中古マンション等,,39201,高知県,高知市,越前町,円行寺口,30分?60分,２ＬＤＫ,65,,,,,ＲＣ,住宅,,,,,商業地域,80.0,200.0,2012年第1四半期,,,7.361727836017593
39028573,中古マンション等,,39201,高知県,高知市,鴨部,旭(高知),21,５ＬＤＫ,85,,,,平成6年,ＲＣ,住宅,,,,,準工業地域,60.0,200.0,2007年第2四半期,未改装,,7.079181246047625
39003794,中古マンション等,,39201,高知県,高知市,南ノ丸町,高知,30分?60分,１ＬＤＫ,45,,,,昭和49年,ＳＲＣ,住宅,住宅,,,,工業地域,60.0,200.0,2020年第1四半期,未改装,調停・競売等,6.146128035678238
39020300,中古マンション等,,39201,高知県,高知市,永国寺町,入明,15,２ＬＤＫ,75,,,,平成16年,ＲＣ,住宅,,,,,第１種住居地域,60.0,200.0,2012年第1四半期,未改装,,7.230448921378274
39028743,中古マンション等,,39201,高知県,高知市,桜馬場,円行寺口,10,１Ｋ,20,,,,平成4年,ＳＲＣ,住宅,,,,,近隣商業地域,80.0,300.0,2008年第1四半期,改装済,,5.633468455579586
39012863,中古マンション等,,39201,高知県,高知市,針木東町,朝倉(ＪＲ),30分?60分,３ＬＤＫ,80,,,,平成15年,ＳＲＣ,住宅,,,,,準工業地域,60.0,200.0,2014年第1四半期,未改装,,7.079181246047625
39002616,中古マンション等,,39201,高知県,高知市,中宝永町,高知,23,１Ｒ,60,,,,,ＳＲＣ,,住宅,,,,商業地域,80.0,400.0,2020年第3四半期,未改装,,6.812913356642856
39026094,中古マンション等,,39201,高知県,高知市,愛宕山,高知,16,３ＬＤＫ,85,,,,平成20年,ＲＣ,住宅,,,,,第１種中高層住居専用地域,60.0,200.0,2009年第3四半期,未改装,,7.301029995663981
39026069,中古マンション等,,39201,高知県,高知市,旭町,旭駅前通,2,１ＬＤＫ,60,,,,昭和61年,ＳＲＣ,住宅,,,,,近隣商業地域,80.0,300.0,2009年第4四半期,改装済,,6.903089986991944
39013782,中古マンション等,,39201,高知県,高知市,桟橋通,高知,23,４ＬＤＫ,85,,,,平成20年,ＲＣ,住宅,,,,,商業地域,80.0,400.0,2010年第2四半期,未改装,,7.361727836017593
39016807,中古マンション等,,39201,高知県,高知市,比島町,高知,14,３ＬＤＫ,65,,,,平成5年,ＳＲＣ,住宅,,,,,第１種住居地域,60.0,200.0,2011年第1四半期,未改装,,7.113943352306837
39003425,中古マンション等,,39201,高知県,高知市,比島町,高知,10,２ＬＤＫ＋Ｓ,65,,,,平成4年,ＳＲＣ,住宅,住宅,,,,近隣商業地域,80.0,200.0,2019年第1四半期,改装済,,7.146128035678238
39018477,中古マンション等,,39201,高知県,高知市,相模町,高知,19,４ＬＤＫ,85,,,,平成15年,ＲＣ,住宅,住宅,,,,第１種中高層住居専用地域,60.0,200.0,2015年第2四半期,改装済,,7.380211241711606
39001347,中古マンション等,,39201,高知県,高知市,北本町,高知,5,,370,,,,,,,事務所,,,,近隣商業地域,,,2018年第4四半期,,,7.845098040014257
39026061,中古マンション等,,39201,高知県,高知市,朝倉西町,朝倉(ＪＲ),25,４ＬＤＫ,70,,,,平成3年,ＲＣ,住宅、店舗、その他,,,,,第１種住居地域,60.0,200.0,2009年第3四半期,未改装,調停・競売等,6.903089986991944
39000848,中古マンション等,,39201,高知県,高知市,大谷公園町,朝倉(ＪＲ),30分?60分,３ＬＤＫ,70,,,,,ＲＣ,住宅,その他,,,,第１種中高層住居専用地域,60.0,200.0,2016年第2四半期,未改装,,6.977723605288848
39012589,中古マンション等,,39201,高知県,高知市,鴨部,高知商業前,23,３ＬＤＫ,80,,,,平成14年,ＳＲＣ,住宅,住宅,,,,準工業地域,60.0,200.0,2014年第2四半期,未改装,,7.176091259055681
39026093,中古マンション等,,39201,高知県,高知市,愛宕山,高知,16,４ＬＤＫ,115,,,,,ＲＣ,住宅,,,,,第１種中高層住居専用地域,60.0,200.0,2009年第4四半期,改装済,,7.556302500767287
39029049,中古マンション等,,39201,高知県,高知市,針木東町,朝倉(ＪＲ),30分?60分,３ＬＤＫ,80,,,,平成15年,ＳＲＣ,住宅,,,,,準工業地域,60.0,200.0,2007年第2四半期,未改装,,7.301029995663981
39012842,中古マンション等,,39201,高知県,高知市,廿代町,高知,12,２ＤＫ,40,,,,平成2年,ＳＲＣ,住宅,,,,,商業地域,80.0,400.0,2014年第1四半期,改装済,,6.8750612633917
39029178,中古マンション等,,39201,高知県,高知市,比島町,高知,12,３ＬＤＫ,80,,,,平成5年,ＳＲＣ,住宅,,,,,第１種住居地域,60.0,200.0,2008年第3四半期,未改装,,7.146128035678238
39001154,中古マンション等,,39201,高知県,高知市,上町,円行寺口,18,,25,,,,平成3年,ＲＣ,,住宅,,,,第１種住居地域,60.0,200.0,2020年第3四半期,,,6.6127838567197355
39013558,中古マンション等,,39201,高知県,高知市,北川添,薊野,15,４ＬＤＫ,85,,,,平成15年,ＲＣ,住宅,,,,,準工業地域,60.0,200.0,2010年第2四半期,未改装,,7.301029995663981
39023632,中古マンション等,,39201,高知県,高知市,鴨部,旭(高知),16,４ＬＤＫ,70,,,,昭和52年,ＳＲＣ,住宅,,,,,第１種住居地域,60.0,200.0,2013年第3四半期,未改装,,6.477121254719663
39028766,中古マンション等,,39201,高知県,高知市,桟橋通,高知,30分?60分,４ＬＤＫ,80,,,,平成13年,ＳＲＣ,住宅,,,,,商業地域,80.0,400.0,2007年第2四半期,未改装,,7.079181246047625
39001788,中古マンション等,,39201,高知県,高知市,桜馬場,入明,11,１Ｋ,20,,,,平成4年,ＳＲＣ,,住宅,,,,近隣商業地域,80.0,300.0,2018年第4四半期,改装済,,6.477121254719663
39001341,中古マンション等,,39201,高知県,高知市,北本町,高知,14,４ＬＤＫ,75,,,,平成7年,ＲＣ,住宅,,,,,準工業地域,60.0,200.0,2020年第3四半期,未改装,,6.903089986991944
39001754,中古マンション等,,39201,高知県,高知市,相模町,入明,8,２ＬＤＫ,65,,,,平成15年,ＲＣ,住宅,住宅,,,,第１種中高層住居専用地域,60.0,200.0,2018年第2四半期,未改装,,7.278753600952829
39020452,中古マンション等,,39201,高知県,高知市,鴨部,高知商業前,23,３ＬＤＫ,70,,,,平成14年,ＳＲＣ,住宅,,,,,準工業地域,60.0,200.0,2012年第2四半期,未改装,,7.041392685158225
39016799,中古マンション等,,39201,高知県,高知市,比島町,高知,10,２ＬＤＫ,55,,,,平成4年,ＳＲＣ,住宅,,,,,近隣商業地域,80.0,300.0,2011年第4四半期,未改装,,6.991226075692495
39020065,中古マンション等,,39201,高知県,高知市,朝倉西町,朝倉(ＪＲ),25,４ＬＤＫ,70,,,,平成3年,ＲＣ,住宅,,,,,第１種住居地域,60.0,200.0,2012年第4四半期,未改装,,6.857332496431268
39015432,中古マンション等,,39201,高知県,高知市,朝倉西町,朝倉(ＪＲ),25,４ＬＤＫ,70,,,,平成3年,ＲＣ,住宅,,,,,,,,2011年第1四半期,未改装,,6.8750612633917
39000325,中古マンション等,,39201,高知県,高知市,薊野西町,薊野,5,２ＤＫ,65,,,,平成17年,ＳＲＣ,住宅,住宅,,,,第２種住居地域,60.0,200.0,2020年第3四半期,未改装,,7.204119982655925
39026328,中古マンション等,,39201,高知県,高知市,桟橋通,高知,,３ＬＤＫ,85,,,,平成20年,ＲＣ,住宅,,,,,,,,2009年第2四半期,未改装,,7.361727836017593
39013562,中古マンション等,,39201,高知県,高知市,北川添,高知,30分?60分,４ＬＤＫ,85,,,,平成15年,ＲＣ,住宅,,,,,準工業地域,60.0,200.0,2010年第2四半期,未改装,,7.230448921378274
39018196,中古マンション等,,39201,高知県,高知市,小津町,入明,6,４ＬＤＫ,80,,,,平成25年,ＲＣ,住宅,住宅,,,,第１種住居地域,60.0,200.0,2015年第3四半期,未改装,,7.447158031342219
39024046,中古マンション等,,39201,高知県,高知市,縄手町,旭(高知),7,２ＬＤＫ,65,,,,平成19年,ＲＣ,住宅,,,,,第１種中高層住居専用地域,60.0,200.0,2013年第2四半期,,,7.146128035678238
39013533,中古マンション等,,39201,高知県,高知市,鴨部,旭(高知),15,３ＬＤＫ,70,,,,昭和52年,ＳＲＣ,住宅,,,,,第１種住居地域,60.0,200.0,2010年第1四半期,改装済,,6.913813852383717
39003434,中古マンション等,,39201,高知県,高知市,比島町,高知,15,３ＬＤＫ,65,,,,,ＳＲＣ,住宅,住宅,,,,第１種住居地域,60.0,200.0,2018年第1四半期,未改装,,6.929418925714293
39012693,中古マンション等,,39201,高知県,高知市,桟橋通,高知,22,３ＬＤＫ,65,,,,昭和59年,ＳＲＣ,住宅,,,,,商業地域,80.0,400.0,2014年第1四半期,未改装,,6.778151250383644
